family,seed,budget,samples,method,released,winding,received_winding,wrong_release,derivative_bound,minimum_margin
clear_loop,0,8,8,polygon,True,1,1,False,1.0,0.3486502898056796
clear_loop,0,8,8,bounded_tube,True,1,1,False,1.0,0.3486502898056796
clear_loop,0,16,16,polygon,True,1,1,False,1.0,0.6063456593649063
clear_loop,0,16,16,bounded_tube,True,1,1,False,1.0,0.6063456593649063
clear_loop,0,32,32,polygon,True,1,1,False,1.0,0.6865502451306045
clear_loop,0,32,32,bounded_tube,True,1,1,False,1.0,0.6865502451306045
clear_loop,1,8,8,polygon,True,-1,-1,False,1.0,0.3499726514302379
clear_loop,1,8,8,bounded_tube,True,-1,-1,False,1.0,0.3499726514302379
clear_loop,1,16,16,polygon,True,-1,-1,False,1.0,0.6025359772682307
clear_loop,1,16,16,bounded_tube,True,-1,-1,False,1.0,0.6025359772682307
clear_loop,1,32,32,polygon,True,-1,-1,False,1.0,0.7148712102517498
clear_loop,1,32,32,bounded_tube,True,-1,-1,False,1.0,0.7148712102517498
clear_loop,2,8,8,polygon,True,1,1,False,1.0,0.3591141046750652
clear_loop,2,8,8,bounded_tube,True,1,1,False,1.0,0.3591141046750652
clear_loop,2,16,16,polygon,True,1,1,False,1.0,0.6004117674743501
clear_loop,2,16,16,bounded_tube,True,1,1,False,1.0,0.6004117674743501
clear_loop,2,32,32,polygon,True,1,1,False,1.0,0.7066499800276128
clear_loop,2,32,32,bounded_tube,True,1,1,False,1.0,0.7066499800276128
clear_loop,3,8,8,polygon,True,-1,-1,False,1.0,0.32977701797765513
clear_loop,3,8,8,bounded_tube,True,-1,-1,False,1.0,0.32977701797765513
clear_loop,3,16,16,polygon,True,-1,-1,False,1.0,0.5951424885265275
clear_loop,3,16,16,bounded_tube,True,-1,-1,False,1.0,0.5951424885265275
clear_loop,3,32,32,polygon,True,-1,-1,False,1.0,0.6935594213726382
clear_loop,3,32,32,bounded_tube,True,-1,-1,False,1.0,0.6935594213726382
clear_loop,4,8,8,polygon,True,1,1,False,1.0,0.34993496193669504
clear_loop,4,8,8,bounded_tube,True,1,1,False,1.0,0.34993496193669504
clear_loop,4,16,16,polygon,True,1,1,False,1.0,0.6034599309471533
clear_loop,4,16,16,bounded_tube,True,1,1,False,1.0,0.6034599309471533
clear_loop,4,32,32,polygon,True,1,1,False,1.0,0.6962763200772616
clear_loop,4,32,32,bounded_tube,True,1,1,False,1.0,0.6962763200772616
clear_loop,5,8,8,polygon,True,-1,-1,False,1.0,0.3406600043145376
clear_loop,5,8,8,bounded_tube,True,-1,-1,False,1.0,0.3406600043145376
clear_loop,5,16,16,polygon,True,-1,-1,False,1.0,0.6195231150327561
clear_loop,5,16,16,bounded_tube,True,-1,-1,False,1.0,0.6195231150327561
clear_loop,5,32,32,polygon,True,-1,-1,False,1.0,0.6970341768541157
clear_loop,5,32,32,bounded_tube,True,-1,-1,False,1.0,0.6970341768541157
clear_loop,6,8,8,polygon,True,1,1,False,1.0,0.33921149726964384
clear_loop,6,8,8,bounded_tube,True,1,1,False,1.0,0.33921149726964384
clear_loop,6,16,16,polygon,True,1,1,False,1.0,0.5904550382501237
clear_loop,6,16,16,bounded_tube,True,1,1,False,1.0,0.5904550382501237
clear_loop,6,32,32,polygon,True,1,1,False,1.0,0.6841167144143803
clear_loop,6,32,32,bounded_tube,True,1,1,False,1.0,0.6841167144143803
clear_loop,7,8,8,polygon,True,-1,-1,False,1.0,0.3520774076584854
clear_loop,7,8,8,bounded_tube,True,-1,-1,False,1.0,0.3520774076584854
clear_loop,7,16,16,polygon,True,-1,-1,False,1.0,0.6021922902487381
clear_loop,7,16,16,bounded_tube,True,-1,-1,False,1.0,0.6021922902487381
clear_loop,7,32,32,polygon,True,-1,-1,False,1.0,0.7141811498225208
clear_loop,7,32,32,bounded_tube,True,-1,-1,False,1.0,0.7141811498225208
clear_loop,8,8,8,polygon,True,1,1,False,1.0,0.3338484285185488
clear_loop,8,8,8,bounded_tube,True,1,1,False,1.0,0.3338484285185488
clear_loop,8,16,16,polygon,True,1,1,False,1.0,0.5987947688869274
clear_loop,8,16,16,bounded_tube,True,1,1,False,1.0,0.5987947688869274
clear_loop,8,32,32,polygon,True,1,1,False,1.0,0.7052110475056528
clear_loop,8,32,32,bounded_tube,True,1,1,False,1.0,0.7052110475056528
clear_loop,9,8,8,polygon,True,-1,-1,False,1.0,0.359845006851946
clear_loop,9,8,8,bounded_tube,True,-1,-1,False,1.0,0.359845006851946
clear_loop,9,16,16,polygon,True,-1,-1,False,1.0,0.5710492268899916
clear_loop,9,16,16,bounded_tube,True,-1,-1,False,1.0,0.5710492268899916
clear_loop,9,32,32,polygon,True,-1,-1,False,1.0,0.7007318773911162
clear_loop,9,32,32,bounded_tube,True,-1,-1,False,1.0,0.7007318773911162
clear_loop,10,8,8,polygon,True,1,1,False,1.0,0.3582151325677282
clear_loop,10,8,8,bounded_tube,True,1,1,False,1.0,0.3582151325677282
clear_loop,10,16,16,polygon,True,1,1,False,1.0,0.6057375908261446
clear_loop,10,16,16,bounded_tube,True,1,1,False,1.0,0.6057375908261446
clear_loop,10,32,32,polygon,True,1,1,False,1.0,0.7093053181692553
clear_loop,10,32,32,bounded_tube,True,1,1,False,1.0,0.7093053181692553
clear_loop,11,8,8,polygon,True,-1,-1,False,1.0,0.3598302386885561
clear_loop,11,8,8,bounded_tube,True,-1,-1,False,1.0,0.3598302386885561
clear_loop,11,16,16,polygon,True,-1,-1,False,1.0,0.5976253421090306
clear_loop,11,16,16,bounded_tube,True,-1,-1,False,1.0,0.5976253421090306
clear_loop,11,32,32,polygon,True,-1,-1,False,1.0,0.7054341086113015
clear_loop,11,32,32,bounded_tube,True,-1,-1,False,1.0,0.7054341086113015
clear_loop,12,8,8,polygon,True,1,1,False,1.0,0.3577651560332257
clear_loop,12,8,8,bounded_tube,True,1,1,False,1.0,0.3577651560332257
clear_loop,12,16,16,polygon,True,1,1,False,1.0,0.5990328188332458
clear_loop,12,16,16,bounded_tube,True,1,1,False,1.0,0.5990328188332458
clear_loop,12,32,32,polygon,True,1,1,False,1.0,0.7084555567783658
clear_loop,12,32,32,bounded_tube,True,1,1,False,1.0,0.7084555567783658
clear_loop,13,8,8,polygon,True,-1,-1,False,1.0,0.3432295740598843
clear_loop,13,8,8,bounded_tube,True,-1,-1,False,1.0,0.3432295740598843
clear_loop,13,16,16,polygon,True,-1,-1,False,1.0,0.5947285584041555
clear_loop,13,16,16,bounded_tube,True,-1,-1,False,1.0,0.5947285584041555
clear_loop,13,32,32,polygon,True,-1,-1,False,1.0,0.7141302076532068
clear_loop,13,32,32,bounded_tube,True,-1,-1,False,1.0,0.7141302076532068
clear_loop,14,8,8,polygon,True,1,1,False,1.0,0.33577591443526544
clear_loop,14,8,8,bounded_tube,True,1,1,False,1.0,0.33577591443526544
clear_loop,14,16,16,polygon,True,1,1,False,1.0,0.5912600282480627
clear_loop,14,16,16,bounded_tube,True,1,1,False,1.0,0.5912600282480627
clear_loop,14,32,32,polygon,True,1,1,False,1.0,0.7111869206333387
clear_loop,14,32,32,bounded_tube,True,1,1,False,1.0,0.7111869206333387
clear_loop,15,8,8,polygon,True,-1,-1,False,1.0,0.36261777815643803
clear_loop,15,8,8,bounded_tube,True,-1,-1,False,1.0,0.36261777815643803
clear_loop,15,16,16,polygon,True,-1,-1,False,1.0,0.5933037588040228
clear_loop,15,16,16,bounded_tube,True,-1,-1,False,1.0,0.5933037588040228
clear_loop,15,32,32,polygon,True,-1,-1,False,1.0,0.7098636741840206
clear_loop,15,32,32,bounded_tube,True,-1,-1,False,1.0,0.7098636741840206
clear_loop,16,8,8,polygon,True,1,1,False,1.0,0.365243898655948
clear_loop,16,8,8,bounded_tube,True,1,1,False,1.0,0.365243898655948
clear_loop,16,16,16,polygon,True,1,1,False,1.0,0.5953602025428508
clear_loop,16,16,16,bounded_tube,True,1,1,False,1.0,0.5953602025428508
clear_loop,16,32,32,polygon,True,1,1,False,1.0,0.7044021296588804
clear_loop,16,32,32,bounded_tube,True,1,1,False,1.0,0.7044021296588804
clear_loop,17,8,8,polygon,True,-1,-1,False,1.0,0.34355688834163567
clear_loop,17,8,8,bounded_tube,True,-1,-1,False,1.0,0.34355688834163567
clear_loop,17,16,16,polygon,True,-1,-1,False,1.0,0.6156305278940045
clear_loop,17,16,16,bounded_tube,True,-1,-1,False,1.0,0.6156305278940045
clear_loop,17,32,32,polygon,True,-1,-1,False,1.0,0.6929565817649321
clear_loop,17,32,32,bounded_tube,True,-1,-1,False,1.0,0.6929565817649321
clear_loop,18,8,8,polygon,True,1,1,False,1.0,0.3531020342015414
clear_loop,18,8,8,bounded_tube,True,1,1,False,1.0,0.3531020342015414
clear_loop,18,16,16,polygon,True,1,1,False,1.0,0.5837692798833739
clear_loop,18,16,16,bounded_tube,True,1,1,False,1.0,0.5837692798833739
clear_loop,18,32,32,polygon,True,1,1,False,1.0,0.7067710709429761
clear_loop,18,32,32,bounded_tube,True,1,1,False,1.0,0.7067710709429761
clear_loop,19,8,8,polygon,True,-1,-1,False,1.0,0.3470583217785591
clear_loop,19,8,8,bounded_tube,True,-1,-1,False,1.0,0.3470583217785591
clear_loop,19,16,16,polygon,True,-1,-1,False,1.0,0.5918237204850498
clear_loop,19,16,16,bounded_tube,True,-1,-1,False,1.0,0.5918237204850498
clear_loop,19,32,32,polygon,True,-1,-1,False,1.0,0.7117607423874095
clear_loop,19,32,32,bounded_tube,True,-1,-1,False,1.0,0.7117607423874095
clear_loop,20,8,8,polygon,True,1,1,False,1.0,0.3385345826631805
clear_loop,20,8,8,bounded_tube,True,1,1,False,1.0,0.3385345826631805
clear_loop,20,16,16,polygon,True,1,1,False,1.0,0.5993284652647485
clear_loop,20,16,16,bounded_tube,True,1,1,False,1.0,0.5993284652647485
clear_loop,20,32,32,polygon,True,1,1,False,1.0,0.6852201145460475
clear_loop,20,32,32,bounded_tube,True,1,1,False,1.0,0.6852201145460475
clear_loop,21,8,8,polygon,True,-1,-1,False,1.0,0.3485455473535286
clear_loop,21,8,8,bounded_tube,True,-1,-1,False,1.0,0.3485455473535286
clear_loop,21,16,16,polygon,True,-1,-1,False,1.0,0.5950225151967456
clear_loop,21,16,16,bounded_tube,True,-1,-1,False,1.0,0.5950225151967456
clear_loop,21,32,32,polygon,True,-1,-1,False,1.0,0.6970714731869321
clear_loop,21,32,32,bounded_tube,True,-1,-1,False,1.0,0.6970714731869321
clear_loop,22,8,8,polygon,True,1,1,False,1.0,0.34321934085287653
clear_loop,22,8,8,bounded_tube,True,1,1,False,1.0,0.34321934085287653
clear_loop,22,16,16,polygon,True,1,1,False,1.0,0.6109145939797574
clear_loop,22,16,16,bounded_tube,True,1,1,False,1.0,0.6109145939797574
clear_loop,22,32,32,polygon,True,1,1,False,1.0,0.6992492315599971
clear_loop,22,32,32,bounded_tube,True,1,1,False,1.0,0.6992492315599971
clear_loop,23,8,8,polygon,True,-1,-1,False,1.0,0.34925166069766045
clear_loop,23,8,8,bounded_tube,True,-1,-1,False,1.0,0.34925166069766045
clear_loop,23,16,16,polygon,True,-1,-1,False,1.0,0.6152025156891351
clear_loop,23,16,16,bounded_tube,True,-1,-1,False,1.0,0.6152025156891351
clear_loop,23,32,32,polygon,True,-1,-1,False,1.0,0.6998209433176716
clear_loop,23,32,32,bounded_tube,True,-1,-1,False,1.0,0.6998209433176716
clear_loop,24,8,8,polygon,True,1,1,False,1.0,0.3565324815977522
clear_loop,24,8,8,bounded_tube,True,1,1,False,1.0,0.3565324815977522
clear_loop,24,16,16,polygon,True,1,1,False,1.0,0.5969566015869257
clear_loop,24,16,16,bounded_tube,True,1,1,False,1.0,0.5969566015869257
clear_loop,24,32,32,polygon,True,1,1,False,1.0,0.6925482435447728
clear_loop,24,32,32,bounded_tube,True,1,1,False,1.0,0.6925482435447728
clear_loop,25,8,8,polygon,True,-1,-1,False,1.0,0.375391239109093
clear_loop,25,8,8,bounded_tube,True,-1,-1,False,1.0,0.375391239109093
clear_loop,25,16,16,polygon,True,-1,-1,False,1.0,0.5914606393899982
clear_loop,25,16,16,bounded_tube,True,-1,-1,False,1.0,0.5914606393899982
clear_loop,25,32,32,polygon,True,-1,-1,False,1.0,0.7048638438983117
clear_loop,25,32,32,bounded_tube,True,-1,-1,False,1.0,0.7048638438983117
clear_loop,26,8,8,polygon,True,1,1,False,1.0,0.33381848604480724
clear_loop,26,8,8,bounded_tube,True,1,1,False,1.0,0.33381848604480724
clear_loop,26,16,16,polygon,True,1,1,False,1.0,0.5896205859432825
clear_loop,26,16,16,bounded_tube,True,1,1,False,1.0,0.5896205859432825
clear_loop,26,32,32,polygon,True,1,1,False,1.0,0.6975149444186932
clear_loop,26,32,32,bounded_tube,True,1,1,False,1.0,0.6975149444186932
clear_loop,27,8,8,polygon,True,-1,-1,False,1.0,0.3620576443164816
clear_loop,27,8,8,bounded_tube,True,-1,-1,False,1.0,0.3620576443164816
clear_loop,27,16,16,polygon,True,-1,-1,False,1.0,0.6003957743873826
clear_loop,27,16,16,bounded_tube,True,-1,-1,False,1.0,0.6003957743873826
clear_loop,27,32,32,polygon,True,-1,-1,False,1.0,0.690415684500012
clear_loop,27,32,32,bounded_tube,True,-1,-1,False,1.0,0.690415684500012
clear_loop,28,8,8,polygon,True,1,1,False,1.0,0.35104891198787924
clear_loop,28,8,8,bounded_tube,True,1,1,False,1.0,0.35104891198787924
clear_loop,28,16,16,polygon,True,1,1,False,1.0,0.5917298194789482
clear_loop,28,16,16,bounded_tube,True,1,1,False,1.0,0.5917298194789482
clear_loop,28,32,32,polygon,True,1,1,False,1.0,0.7065896184064893
clear_loop,28,32,32,bounded_tube,True,1,1,False,1.0,0.7065896184064893
clear_loop,29,8,8,polygon,True,-1,-1,False,1.0,0.35477959822706706
clear_loop,29,8,8,bounded_tube,True,-1,-1,False,1.0,0.35477959822706706
clear_loop,29,16,16,polygon,True,-1,-1,False,1.0,0.6009081355168788
clear_loop,29,16,16,bounded_tube,True,-1,-1,False,1.0,0.6009081355168788
clear_loop,29,32,32,polygon,True,-1,-1,False,1.0,0.7077928871891895
clear_loop,29,32,32,bounded_tube,True,-1,-1,False,1.0,0.7077928871891895
clear_loop,30,8,8,polygon,True,1,1,False,1.0,0.34463638797499574
clear_loop,30,8,8,bounded_tube,True,1,1,False,1.0,0.34463638797499574
clear_loop,30,16,16,polygon,True,1,1,False,1.0,0.6096641221026685
clear_loop,30,16,16,bounded_tube,True,1,1,False,1.0,0.6096641221026685
clear_loop,30,32,32,polygon,True,1,1,False,1.0,0.6949405913635418
clear_loop,30,32,32,bounded_tube,True,1,1,False,1.0,0.6949405913635418
clear_loop,31,8,8,polygon,True,-1,-1,False,1.0,0.3405934137759945
clear_loop,31,8,8,bounded_tube,True,-1,-1,False,1.0,0.3405934137759945
clear_loop,31,16,16,polygon,True,-1,-1,False,1.0,0.6011274947844863
clear_loop,31,16,16,bounded_tube,True,-1,-1,False,1.0,0.6011274947844863
clear_loop,31,32,32,polygon,True,-1,-1,False,1.0,0.7064193162589003
clear_loop,31,32,32,bounded_tube,True,-1,-1,False,1.0,0.7064193162589003
clear_loop,32,8,8,polygon,True,1,1,False,1.0,0.3560892763806808
clear_loop,32,8,8,bounded_tube,True,1,1,False,1.0,0.3560892763806808
clear_loop,32,16,16,polygon,True,1,1,False,1.0,0.5873108958465927
clear_loop,32,16,16,bounded_tube,True,1,1,False,1.0,0.5873108958465927
clear_loop,32,32,32,polygon,True,1,1,False,1.0,0.7096028530848227
clear_loop,32,32,32,bounded_tube,True,1,1,False,1.0,0.7096028530848227
clear_loop,33,8,8,polygon,True,-1,-1,False,1.0,0.3544549912049467
clear_loop,33,8,8,bounded_tube,True,-1,-1,False,1.0,0.3544549912049467
clear_loop,33,16,16,polygon,True,-1,-1,False,1.0,0.6055219878768568
clear_loop,33,16,16,bounded_tube,True,-1,-1,False,1.0,0.6055219878768568
clear_loop,33,32,32,polygon,True,-1,-1,False,1.0,0.7123685325194403
clear_loop,33,32,32,bounded_tube,True,-1,-1,False,1.0,0.7123685325194403
clear_loop,34,8,8,polygon,True,1,1,False,1.0,0.35607144239302724
clear_loop,34,8,8,bounded_tube,True,1,1,False,1.0,0.35607144239302724
clear_loop,34,16,16,polygon,True,1,1,False,1.0,0.5985954748728999
clear_loop,34,16,16,bounded_tube,True,1,1,False,1.0,0.5985954748728999
clear_loop,34,32,32,polygon,True,1,1,False,1.0,0.6978164798463748
clear_loop,34,32,32,bounded_tube,True,1,1,False,1.0,0.6978164798463748
clear_loop,35,8,8,polygon,True,-1,-1,False,1.0,0.34152334439173093
clear_loop,35,8,8,bounded_tube,True,-1,-1,False,1.0,0.34152334439173093
clear_loop,35,16,16,polygon,True,-1,-1,False,1.0,0.5914397848719415
clear_loop,35,16,16,bounded_tube,True,-1,-1,False,1.0,0.5914397848719415
clear_loop,35,32,32,polygon,True,-1,-1,False,1.0,0.7007700193453497
clear_loop,35,32,32,bounded_tube,True,-1,-1,False,1.0,0.7007700193453497
clear_loop,36,8,8,polygon,True,1,1,False,1.0,0.34083265120338424
clear_loop,36,8,8,bounded_tube,True,1,1,False,1.0,0.34083265120338424
clear_loop,36,16,16,polygon,True,1,1,False,1.0,0.5896853373012121
clear_loop,36,16,16,bounded_tube,True,1,1,False,1.0,0.5896853373012121
clear_loop,36,32,32,polygon,True,1,1,False,1.0,0.697039421277054
clear_loop,36,32,32,bounded_tube,True,1,1,False,1.0,0.697039421277054
clear_loop,37,8,8,polygon,True,-1,-1,False,1.0,0.36302310666389903
clear_loop,37,8,8,bounded_tube,True,-1,-1,False,1.0,0.36302310666389903
clear_loop,37,16,16,polygon,True,-1,-1,False,1.0,0.6042841261154211
clear_loop,37,16,16,bounded_tube,True,-1,-1,False,1.0,0.6042841261154211
clear_loop,37,32,32,polygon,True,-1,-1,False,1.0,0.6978002360329819
clear_loop,37,32,32,bounded_tube,True,-1,-1,False,1.0,0.6978002360329819
clear_loop,38,8,8,polygon,True,1,1,False,1.0,0.3259051028949532
clear_loop,38,8,8,bounded_tube,True,1,1,False,1.0,0.3259051028949532
clear_loop,38,16,16,polygon,True,1,1,False,1.0,0.5767743881297288
clear_loop,38,16,16,bounded_tube,True,1,1,False,1.0,0.5767743881297288
clear_loop,38,32,32,polygon,True,1,1,False,1.0,0.6902464841791716
clear_loop,38,32,32,bounded_tube,True,1,1,False,1.0,0.6902464841791716
clear_loop,39,8,8,polygon,True,-1,-1,False,1.0,0.3293775544409565
clear_loop,39,8,8,bounded_tube,True,-1,-1,False,1.0,0.3293775544409565
clear_loop,39,16,16,polygon,True,-1,-1,False,1.0,0.5928787000725784
clear_loop,39,16,16,bounded_tube,True,-1,-1,False,1.0,0.5928787000725784
clear_loop,39,32,32,polygon,True,-1,-1,False,1.0,0.6851276375534104
clear_loop,39,32,32,bounded_tube,True,-1,-1,False,1.0,0.6851276375534104
near_origin,0,8,8,polygon,True,0,1,True,1.0,-0.40574999843673676
near_origin,0,8,8,bounded_tube,False,,1,False,1.0,-0.40574999843673676
near_origin,0,16,16,polygon,True,1,1,False,1.0,-0.21334072618880426
near_origin,0,16,16,bounded_tube,False,,1,False,1.0,-0.21334072618880426
near_origin,0,32,32,polygon,True,1,1,False,1.0,-0.09189137098521857
near_origin,0,32,32,bounded_tube,False,,1,False,1.0,-0.09189137098521857
near_origin,1,8,8,polygon,True,-1,-1,False,1.0,-0.42090133146457825
near_origin,1,8,8,bounded_tube,False,,-1,False,1.0,-0.42090133146457825
near_origin,1,16,16,polygon,True,-1,-1,False,1.0,-0.19608017467353583
near_origin,1,16,16,bounded_tube,False,,-1,False,1.0,-0.19608017467353583
near_origin,1,32,32,polygon,True,-1,-1,False,1.0,-0.091837003969024
near_origin,1,32,32,bounded_tube,False,,-1,False,1.0,-0.091837003969024
near_origin,2,8,8,polygon,True,1,1,False,1.0,-0.4083831263407869
near_origin,2,8,8,bounded_tube,False,,1,False,1.0,-0.4083831263407869
near_origin,2,16,16,polygon,True,1,1,False,1.0,-0.2155591497603208
near_origin,2,16,16,bounded_tube,False,,1,False,1.0,-0.2155591497603208
near_origin,2,32,32,polygon,True,1,1,False,1.0,-0.11267705122138451
near_origin,2,32,32,bounded_tube,False,,1,False,1.0,-0.11267705122138451
near_origin,3,8,8,polygon,True,0,-1,True,1.0,-0.37390717712419447
near_origin,3,8,8,bounded_tube,False,,-1,False,1.0,-0.37390717712419447
near_origin,3,16,16,polygon,True,-1,-1,False,1.0,-0.2212241153724166
near_origin,3,16,16,bounded_tube,False,,-1,False,1.0,-0.2212241153724166
near_origin,3,32,32,polygon,True,-1,-1,False,1.0,-0.12058341001653122
near_origin,3,32,32,bounded_tube,False,,-1,False,1.0,-0.12058341001653122
near_origin,4,8,8,polygon,True,0,1,True,1.0,-0.3971253568191517
near_origin,4,8,8,bounded_tube,False,,1,False,1.0,-0.3971253568191517
near_origin,4,16,16,polygon,True,1,1,False,1.0,-0.20815507435556033
near_origin,4,16,16,bounded_tube,False,,1,False,1.0,-0.20815507435556033
near_origin,4,32,32,polygon,True,1,1,False,1.0,-0.11255787765965508
near_origin,4,32,32,bounded_tube,False,,1,False,1.0,-0.11255787765965508
near_origin,5,8,8,polygon,True,0,-1,True,1.0,-0.4219556874802337
near_origin,5,8,8,bounded_tube,False,,-1,False,1.0,-0.4219556874802337
near_origin,5,16,16,polygon,True,-1,-1,False,1.0,-0.18673565717862733
near_origin,5,16,16,bounded_tube,False,,-1,False,1.0,-0.18673565717862733
near_origin,5,32,32,polygon,True,-1,-1,False,1.0,-0.10963159811646458
near_origin,5,32,32,bounded_tube,False,,-1,False,1.0,-0.10963159811646458
near_origin,6,8,8,polygon,True,0,1,True,1.0,-0.40200910796725947
near_origin,6,8,8,bounded_tube,False,,1,False,1.0,-0.40200910796725947
near_origin,6,16,16,polygon,True,1,1,False,1.0,-0.2185871916665376
near_origin,6,16,16,bounded_tube,False,,1,False,1.0,-0.2185871916665376
near_origin,6,32,32,polygon,True,0,1,True,1.0,-0.13052966097349425
near_origin,6,32,32,bounded_tube,False,,1,False,1.0,-0.13052966097349425
near_origin,7,8,8,polygon,True,0,-1,True,1.0,-0.40119208232126075
near_origin,7,8,8,bounded_tube,False,,-1,False,1.0,-0.40119208232126075
near_origin,7,16,16,polygon,True,-1,-1,False,1.0,-0.2177634211433862
near_origin,7,16,16,bounded_tube,False,,-1,False,1.0,-0.2177634211433862
near_origin,7,32,32,polygon,True,-1,-1,False,1.0,-0.1057500750367821
near_origin,7,32,32,bounded_tube,False,,-1,False,1.0,-0.1057500750367821
near_origin,8,8,8,polygon,True,0,1,True,1.0,-0.3707643173486304
near_origin,8,8,8,bounded_tube,False,,1,False,1.0,-0.3707643173486304
near_origin,8,16,16,polygon,True,1,1,False,1.0,-0.21651217625577013
near_origin,8,16,16,bounded_tube,False,,1,False,1.0,-0.21651217625577013
near_origin,8,32,32,polygon,True,1,1,False,1.0,-0.10569346477651076
near_origin,8,32,32,bounded_tube,False,,1,False,1.0,-0.10569346477651076
near_origin,9,8,8,polygon,True,0,-1,True,1.0,-0.4262021044624439
near_origin,9,8,8,bounded_tube,False,,-1,False,1.0,-0.4262021044624439
near_origin,9,16,16,polygon,True,0,-1,True,1.0,-0.21489858343521434
near_origin,9,16,16,bounded_tube,False,,-1,False,1.0,-0.21489858343521434
near_origin,9,32,32,polygon,True,-1,-1,False,1.0,-0.08976901785057606
near_origin,9,32,32,bounded_tube,False,,-1,False,1.0,-0.08976901785057606
near_origin,10,8,8,polygon,True,1,1,False,1.0,-0.4274551170613405
near_origin,10,8,8,bounded_tube,False,,1,False,1.0,-0.4274551170613405
near_origin,10,16,16,polygon,True,1,1,False,1.0,-0.21426197112765583
near_origin,10,16,16,bounded_tube,False,,1,False,1.0,-0.21426197112765583
near_origin,10,32,32,polygon,True,1,1,False,1.0,-0.10883597658433616
near_origin,10,32,32,bounded_tube,False,,1,False,1.0,-0.10883597658433616
near_origin,11,8,8,polygon,True,0,-1,True,1.0,-0.3953815748766862
near_origin,11,8,8,bounded_tube,False,,-1,False,1.0,-0.3953815748766862
near_origin,11,16,16,polygon,True,-1,-1,False,1.0,-0.20120000311604055
near_origin,11,16,16,bounded_tube,False,,-1,False,1.0,-0.20120000311604055
near_origin,11,32,32,polygon,True,-1,-1,False,1.0,-0.09907071212957459
near_origin,11,32,32,bounded_tube,False,,-1,False,1.0,-0.09907071212957459
near_origin,12,8,8,polygon,True,1,1,False,1.0,-0.40387042436489096
near_origin,12,8,8,bounded_tube,False,,1,False,1.0,-0.40387042436489096
near_origin,12,16,16,polygon,True,1,1,False,1.0,-0.2055997996408469
near_origin,12,16,16,bounded_tube,False,,1,False,1.0,-0.2055997996408469
near_origin,12,32,32,polygon,True,1,1,False,1.0,-0.07721867357737323
near_origin,12,32,32,bounded_tube,False,,1,False,1.0,-0.07721867357737323
near_origin,13,8,8,polygon,True,0,-1,True,1.0,-0.3847144495994695
near_origin,13,8,8,bounded_tube,False,,-1,False,1.0,-0.3847144495994695
near_origin,13,16,16,polygon,True,-1,-1,False,1.0,-0.2250598130877327
near_origin,13,16,16,bounded_tube,False,,-1,False,1.0,-0.2250598130877327
near_origin,13,32,32,polygon,True,-1,-1,False,1.0,-0.10583561367775121
near_origin,13,32,32,bounded_tube,False,,-1,False,1.0,-0.10583561367775121
near_origin,14,8,8,polygon,True,0,1,True,1.0,-0.37677781603368093
near_origin,14,8,8,bounded_tube,False,,1,False,1.0,-0.37677781603368093
near_origin,14,16,16,polygon,True,1,1,False,1.0,-0.21723480094119207
near_origin,14,16,16,bounded_tube,False,,1,False,1.0,-0.21723480094119207
near_origin,14,32,32,polygon,True,1,1,False,1.0,-0.10781848206548901
near_origin,14,32,32,bounded_tube,False,,1,False,1.0,-0.10781848206548901
near_origin,15,8,8,polygon,True,0,-1,True,1.0,-0.3980743418789787
near_origin,15,8,8,bounded_tube,False,,-1,False,1.0,-0.3980743418789787
near_origin,15,16,16,polygon,True,-1,-1,False,1.0,-0.2166259805489878
near_origin,15,16,16,bounded_tube,False,,-1,False,1.0,-0.2166259805489878
near_origin,15,32,32,polygon,True,-1,-1,False,1.0,-0.09123429027531679
near_origin,15,32,32,bounded_tube,False,,-1,False,1.0,-0.09123429027531679
near_origin,16,8,8,polygon,True,0,1,True,1.0,-0.40459893995084434
near_origin,16,8,8,bounded_tube,False,,1,False,1.0,-0.40459893995084434
near_origin,16,16,16,polygon,True,1,1,False,1.0,-0.20953405986450613
near_origin,16,16,16,bounded_tube,False,,1,False,1.0,-0.20953405986450613
near_origin,16,32,32,polygon,True,1,1,False,1.0,-0.10887090567634977
near_origin,16,32,32,bounded_tube,False,,1,False,1.0,-0.10887090567634977
near_origin,17,8,8,polygon,True,0,-1,True,1.0,-0.3793516195232393
near_origin,17,8,8,bounded_tube,False,,-1,False,1.0,-0.3793516195232393
near_origin,17,16,16,polygon,True,-1,-1,False,1.0,-0.18729111533793696
near_origin,17,16,16,bounded_tube,False,,-1,False,1.0,-0.18729111533793696
near_origin,17,32,32,polygon,True,-1,-1,False,1.0,-0.11590099174882117
near_origin,17,32,32,bounded_tube,False,,-1,False,1.0,-0.11590099174882117
near_origin,18,8,8,polygon,True,0,1,True,1.0,-0.39337533046573525
near_origin,18,8,8,bounded_tube,False,,1,False,1.0,-0.39337533046573525
near_origin,18,16,16,polygon,True,0,1,True,1.0,-0.22651321361494745
near_origin,18,16,16,bounded_tube,False,,1,False,1.0,-0.22651321361494745
near_origin,18,32,32,polygon,True,1,1,False,1.0,-0.10065823373177998
near_origin,18,32,32,bounded_tube,False,,1,False,1.0,-0.10065823373177998
near_origin,19,8,8,polygon,True,0,-1,True,1.0,-0.39379522095950853
near_origin,19,8,8,bounded_tube,False,,-1,False,1.0,-0.39379522095950853
near_origin,19,16,16,polygon,True,-1,-1,False,1.0,-0.22809440971657755
near_origin,19,16,16,bounded_tube,False,,-1,False,1.0,-0.22809440971657755
near_origin,19,32,32,polygon,True,-1,-1,False,1.0,-0.07769007481982917
near_origin,19,32,32,bounded_tube,False,,-1,False,1.0,-0.07769007481982917
near_origin,20,8,8,polygon,True,0,1,True,1.0,-0.37396067300278835
near_origin,20,8,8,bounded_tube,False,,1,False,1.0,-0.37396067300278835
near_origin,20,16,16,polygon,True,1,1,False,1.0,-0.21096646476409592
near_origin,20,16,16,bounded_tube,False,,1,False,1.0,-0.21096646476409592
near_origin,20,32,32,polygon,True,1,1,False,1.0,-0.09268638857962094
near_origin,20,32,32,bounded_tube,False,,1,False,1.0,-0.09268638857962094
near_origin,21,8,8,polygon,True,0,-1,True,1.0,-0.38875924736989
near_origin,21,8,8,bounded_tube,False,,-1,False,1.0,-0.38875924736989
near_origin,21,16,16,polygon,True,-1,-1,False,1.0,-0.2232251256807124
near_origin,21,16,16,bounded_tube,False,,-1,False,1.0,-0.2232251256807124
near_origin,21,32,32,polygon,True,-1,-1,False,1.0,-0.12220678086493679
near_origin,21,32,32,bounded_tube,False,,-1,False,1.0,-0.12220678086493679
near_origin,22,8,8,polygon,True,1,1,False,1.0,-0.4273735168821786
near_origin,22,8,8,bounded_tube,False,,1,False,1.0,-0.4273735168821786
near_origin,22,16,16,polygon,True,1,1,False,1.0,-0.1974435030837885
near_origin,22,16,16,bounded_tube,False,,1,False,1.0,-0.1974435030837885
near_origin,22,32,32,polygon,True,1,1,False,1.0,-0.12021164908749235
near_origin,22,32,32,bounded_tube,False,,1,False,1.0,-0.12021164908749235
near_origin,23,8,8,polygon,True,0,-1,True,1.0,-0.42267230191337446
near_origin,23,8,8,bounded_tube,False,,-1,False,1.0,-0.42267230191337446
near_origin,23,16,16,polygon,True,-1,-1,False,1.0,-0.2012141516879881
near_origin,23,16,16,bounded_tube,False,,-1,False,1.0,-0.2012141516879881
near_origin,23,32,32,polygon,True,-1,-1,False,1.0,-0.11122057099869455
near_origin,23,32,32,bounded_tube,False,,-1,False,1.0,-0.11122057099869455
near_origin,24,8,8,polygon,True,1,1,False,1.0,-0.423586305687067
near_origin,24,8,8,bounded_tube,False,,1,False,1.0,-0.423586305687067
near_origin,24,16,16,polygon,True,1,1,False,1.0,-0.22185129259885436
near_origin,24,16,16,bounded_tube,False,,1,False,1.0,-0.22185129259885436
near_origin,24,32,32,polygon,True,1,1,False,1.0,-0.12047492912647405
near_origin,24,32,32,bounded_tube,False,,1,False,1.0,-0.12047492912647405
near_origin,25,8,8,polygon,True,-1,-1,False,1.0,-0.40462987587059335
near_origin,25,8,8,bounded_tube,False,,-1,False,1.0,-0.40462987587059335
near_origin,25,16,16,polygon,True,-1,-1,False,1.0,-0.22333519382965347
near_origin,25,16,16,bounded_tube,False,,-1,False,1.0,-0.22333519382965347
near_origin,25,32,32,polygon,True,-1,-1,False,1.0,-0.10414820227373733
near_origin,25,32,32,bounded_tube,False,,-1,False,1.0,-0.10414820227373733
near_origin,26,8,8,polygon,True,0,1,True,1.0,-0.3779514695646957
near_origin,26,8,8,bounded_tube,False,,1,False,1.0,-0.3779514695646957
near_origin,26,16,16,polygon,True,1,1,False,1.0,-0.22838602302885583
near_origin,26,16,16,bounded_tube,False,,1,False,1.0,-0.22838602302885583
near_origin,26,32,32,polygon,True,1,1,False,1.0,-0.12143625251368602
near_origin,26,32,32,bounded_tube,False,,1,False,1.0,-0.12143625251368602
near_origin,27,8,8,polygon,True,0,-1,True,1.0,-0.40982385608532146
near_origin,27,8,8,bounded_tube,False,,-1,False,1.0,-0.40982385608532146
near_origin,27,16,16,polygon,True,-1,-1,False,1.0,-0.21775239096107565
near_origin,27,16,16,bounded_tube,False,,-1,False,1.0,-0.21775239096107565
near_origin,27,32,32,polygon,True,-1,-1,False,1.0,-0.1092000425105148
near_origin,27,32,32,bounded_tube,False,,-1,False,1.0,-0.1092000425105148
near_origin,28,8,8,polygon,True,0,1,True,1.0,-0.3939669771611252
near_origin,28,8,8,bounded_tube,False,,1,False,1.0,-0.3939669771611252
near_origin,28,16,16,polygon,True,1,1,False,1.0,-0.2199570813493902
near_origin,28,16,16,bounded_tube,False,,1,False,1.0,-0.2199570813493902
near_origin,28,32,32,polygon,True,1,1,False,1.0,-0.11192973854450886
near_origin,28,32,32,bounded_tube,False,,1,False,1.0,-0.11192973854450886
near_origin,29,8,8,polygon,True,-1,-1,False,1.0,-0.40323436160313464
near_origin,29,8,8,bounded_tube,False,,-1,False,1.0,-0.40323436160313464
near_origin,29,16,16,polygon,True,-1,-1,False,1.0,-0.19719866578182105
near_origin,29,16,16,bounded_tube,False,,-1,False,1.0,-0.19719866578182105
near_origin,29,32,32,polygon,True,-1,-1,False,1.0,-0.1121375952717945
near_origin,29,32,32,bounded_tube,False,,-1,False,1.0,-0.1121375952717945
near_origin,30,8,8,polygon,True,0,1,True,1.0,-0.40490819226744407
near_origin,30,8,8,bounded_tube,False,,1,False,1.0,-0.40490819226744407
near_origin,30,16,16,polygon,True,1,1,False,1.0,-0.19380173560876202
near_origin,30,16,16,bounded_tube,False,,1,False,1.0,-0.19380173560876202
near_origin,30,32,32,polygon,True,1,1,False,1.0,-0.1183984092584419
near_origin,30,32,32,bounded_tube,False,,1,False,1.0,-0.1183984092584419
near_origin,31,8,8,polygon,True,0,-1,True,1.0,-0.37745606963333855
near_origin,31,8,8,bounded_tube,False,,-1,False,1.0,-0.37745606963333855
near_origin,31,16,16,polygon,True,-1,-1,False,1.0,-0.20758552272668346
near_origin,31,16,16,bounded_tube,False,,-1,False,1.0,-0.20758552272668346
near_origin,31,32,32,polygon,True,-1,-1,False,1.0,-0.10356877752554312
near_origin,31,32,32,bounded_tube,False,,-1,False,1.0,-0.10356877752554312
near_origin,32,8,8,polygon,True,1,1,False,1.0,-0.40796258469240154
near_origin,32,8,8,bounded_tube,False,,1,False,1.0,-0.40796258469240154
near_origin,32,16,16,polygon,True,1,1,False,1.0,-0.21828841175657931
near_origin,32,16,16,bounded_tube,False,,1,False,1.0,-0.21828841175657931
near_origin,32,32,32,polygon,True,1,1,False,1.0,-0.09989441953626634
near_origin,32,32,32,bounded_tube,False,,1,False,1.0,-0.09989441953626634
near_origin,33,8,8,polygon,True,-1,-1,False,1.0,-0.42603536791106145
near_origin,33,8,8,bounded_tube,False,,-1,False,1.0,-0.42603536791106145
near_origin,33,16,16,polygon,True,-1,-1,False,1.0,-0.21394382599696743
near_origin,33,16,16,bounded_tube,False,,-1,False,1.0,-0.21394382599696743
near_origin,33,32,32,polygon,True,-1,-1,False,1.0,-0.09434273056588321
near_origin,33,32,32,bounded_tube,False,,-1,False,1.0,-0.09434273056588321
near_origin,34,8,8,polygon,True,1,1,False,1.0,-0.41249694561877914
near_origin,34,8,8,bounded_tube,False,,1,False,1.0,-0.41249694561877914
near_origin,34,16,16,polygon,True,1,1,False,1.0,-0.21824588221726351
near_origin,34,16,16,bounded_tube,False,,1,False,1.0,-0.21824588221726351
near_origin,34,32,32,polygon,True,1,1,False,1.0,-0.11259516944367902
near_origin,34,32,32,bounded_tube,False,,1,False,1.0,-0.11259516944367902
near_origin,35,8,8,polygon,True,0,-1,True,1.0,-0.376968879705359
near_origin,35,8,8,bounded_tube,False,,-1,False,1.0,-0.376968879705359
near_origin,35,16,16,polygon,True,-1,-1,False,1.0,-0.21431752915587976
near_origin,35,16,16,bounded_tube,False,,-1,False,1.0,-0.21431752915587976
near_origin,35,32,32,polygon,True,-1,-1,False,1.0,-0.11694865454153959
near_origin,35,32,32,bounded_tube,False,,-1,False,1.0,-0.11694865454153959
near_origin,36,8,8,polygon,True,0,1,True,1.0,-0.39894129127809524
near_origin,36,8,8,bounded_tube,False,,1,False,1.0,-0.39894129127809524
near_origin,36,16,16,polygon,True,1,1,False,1.0,-0.2296627612392724
near_origin,36,16,16,bounded_tube,False,,1,False,1.0,-0.2296627612392724
near_origin,36,32,32,polygon,True,1,1,False,1.0,-0.108106552881611
near_origin,36,32,32,bounded_tube,False,,1,False,1.0,-0.108106552881611
near_origin,37,8,8,polygon,True,-1,-1,False,1.0,-0.40063780106796
near_origin,37,8,8,bounded_tube,False,,-1,False,1.0,-0.40063780106796
near_origin,37,16,16,polygon,True,-1,-1,False,1.0,-0.21492666449793615
near_origin,37,16,16,bounded_tube,False,,-1,False,1.0,-0.21492666449793615
near_origin,37,32,32,polygon,True,-1,-1,False,1.0,-0.10648563335162312
near_origin,37,32,32,bounded_tube,False,,-1,False,1.0,-0.10648563335162312
near_origin,38,8,8,polygon,True,0,1,True,1.0,-0.3615589552744295
near_origin,38,8,8,bounded_tube,False,,1,False,1.0,-0.3615589552744295
near_origin,38,16,16,polygon,True,0,1,True,1.0,-0.23128785196556254
near_origin,38,16,16,bounded_tube,False,,1,False,1.0,-0.23128785196556254
near_origin,38,32,32,polygon,True,1,1,False,1.0,-0.1287185592505846
near_origin,38,32,32,bounded_tube,False,,1,False,1.0,-0.1287185592505846
near_origin,39,8,8,polygon,True,0,-1,True,1.0,-0.37030713891246747
near_origin,39,8,8,bounded_tube,False,,-1,False,1.0,-0.37030713891246747
near_origin,39,16,16,polygon,True,-1,-1,False,1.0,-0.2267547313186806
near_origin,39,16,16,bounded_tube,False,,-1,False,1.0,-0.2267547313186806
near_origin,39,32,32,polygon,True,-1,-1,False,1.0,-0.12922513721481785
near_origin,39,32,32,bounded_tube,False,,-1,False,1.0,-0.12922513721481785
high_frequency,0,8,8,polygon,True,1,17,True,17.0,-5.934535017373907
high_frequency,0,8,8,bounded_tube,False,,17,False,17.0,-5.934535017373907
high_frequency,0,16,16,polygon,True,1,17,True,17.0,-2.5352469942248907
high_frequency,0,16,16,bounded_tube,False,,17,False,17.0,-2.5352469942248907
high_frequency,0,32,32,polygon,True,-5,17,True,17.0,-1.6950870186933422
high_frequency,0,32,32,bounded_tube,False,,17,False,17.0,-1.6950870186933422
high_frequency,1,8,8,polygon,True,-1,-17,True,17.0,-5.933212655749347
high_frequency,1,8,8,bounded_tube,False,,-17,False,17.0,-5.933212655749347
high_frequency,1,16,16,polygon,True,-1,-17,True,17.0,-2.5390566763215623
high_frequency,1,16,16,bounded_tube,False,,-17,False,17.0,-2.5390566763215623
high_frequency,1,32,32,polygon,True,5,-17,True,17.0,-1.6969954154303448
high_frequency,1,32,32,bounded_tube,False,,-17,False,17.0,-1.6969954154303448
high_frequency,2,8,8,polygon,True,1,17,True,17.0,-5.924071202504521
high_frequency,2,8,8,bounded_tube,False,,17,False,17.0,-5.924071202504521
high_frequency,2,16,16,polygon,True,1,17,True,17.0,-2.541180886115447
high_frequency,2,16,16,bounded_tube,False,,17,False,17.0,-2.541180886115447
high_frequency,2,32,32,polygon,True,-6,17,True,17.0,-1.7032424951479377
high_frequency,2,32,32,bounded_tube,False,,17,False,17.0,-1.7032424951479377
high_frequency,3,8,8,polygon,True,-1,-17,True,17.0,-5.953408289201931
high_frequency,3,8,8,bounded_tube,False,,-17,False,17.0,-5.953408289201931
high_frequency,3,16,16,polygon,True,-1,-17,True,17.0,-2.546450165063266
high_frequency,3,16,16,bounded_tube,False,,-17,False,17.0,-2.546450165063266
high_frequency,3,32,32,polygon,True,6,-17,True,17.0,-1.7015472742294657
high_frequency,3,32,32,bounded_tube,False,,-17,False,17.0,-1.7015472742294657
high_frequency,4,8,8,polygon,True,1,17,True,17.0,-5.9332503452428895
high_frequency,4,8,8,bounded_tube,False,,17,False,17.0,-5.9332503452428895
high_frequency,4,16,16,polygon,True,1,17,True,17.0,-2.5381327226426396
high_frequency,4,16,16,bounded_tube,False,,17,False,17.0,-2.5381327226426396
high_frequency,4,32,32,polygon,True,-7,17,True,17.0,-1.7039323710636833
high_frequency,4,32,32,bounded_tube,False,,17,False,17.0,-1.7039323710636833
high_frequency,5,8,8,polygon,True,-1,-17,True,17.0,-5.942525302865052
high_frequency,5,8,8,bounded_tube,False,,-17,False,17.0,-5.942525302865052
high_frequency,5,16,16,polygon,True,-1,-17,True,17.0,-2.5220695385570333
high_frequency,5,16,16,bounded_tube,False,,-17,False,17.0,-2.5220695385570333
high_frequency,5,32,32,polygon,True,6,-17,True,17.0,-1.6943245745595934
high_frequency,5,32,32,bounded_tube,False,,-17,False,17.0,-1.6943245745595934
high_frequency,6,8,8,polygon,True,1,17,True,17.0,-5.943973809909942
high_frequency,6,8,8,bounded_tube,False,,17,False,17.0,-5.943973809909942
high_frequency,6,16,16,polygon,True,1,17,True,17.0,-2.5511376153396697
high_frequency,6,16,16,bounded_tube,False,,17,False,17.0,-2.5511376153396697
high_frequency,6,32,32,polygon,True,-6,17,True,17.0,-1.6960898100612778
high_frequency,6,32,32,bounded_tube,False,,17,False,17.0,-1.6960898100612778
high_frequency,7,8,8,polygon,True,-1,-17,True,17.0,-5.931107899521102
high_frequency,7,8,8,bounded_tube,False,,-17,False,17.0,-5.931107899521102
high_frequency,7,16,16,polygon,True,-1,-17,True,17.0,-2.539400363341056
high_frequency,7,16,16,bounded_tube,False,,-17,False,17.0,-2.539400363341056
high_frequency,7,32,32,polygon,True,7,-17,True,17.0,-1.7038173758553263
high_frequency,7,32,32,bounded_tube,False,,-17,False,17.0,-1.7038173758553263
high_frequency,8,8,8,polygon,True,1,17,True,17.0,-5.949336878661039
high_frequency,8,8,8,bounded_tube,False,,17,False,17.0,-5.949336878661039
high_frequency,8,16,16,polygon,True,1,17,True,17.0,-2.5427978847028667
high_frequency,8,16,16,bounded_tube,False,,17,False,17.0,-2.5427978847028667
high_frequency,8,32,32,polygon,True,-6,17,True,17.0,-1.7013043251388058
high_frequency,8,32,32,bounded_tube,False,,17,False,17.0,-1.7013043251388058
high_frequency,9,8,8,polygon,True,-1,-17,True,17.0,-5.923340300327641
high_frequency,9,8,8,bounded_tube,False,,-17,False,17.0,-5.923340300327641
high_frequency,9,16,16,polygon,True,-1,-17,True,17.0,-2.570543426699802
high_frequency,9,16,16,bounded_tube,False,,-17,False,17.0,-2.570543426699802
high_frequency,9,32,32,polygon,True,7,-17,True,17.0,-1.7020540085039453
high_frequency,9,32,32,bounded_tube,False,,-17,False,17.0,-1.7020540085039453
high_frequency,10,8,8,polygon,True,1,17,True,17.0,-5.924970174611859
high_frequency,10,8,8,bounded_tube,False,,17,False,17.0,-5.924970174611859
high_frequency,10,16,16,polygon,True,1,17,True,17.0,-2.5358550627636496
high_frequency,10,16,16,bounded_tube,False,,17,False,17.0,-2.5358550627636496
high_frequency,10,32,32,polygon,True,-6,17,True,17.0,-1.6936472492702657
high_frequency,10,32,32,bounded_tube,False,,17,False,17.0,-1.6936472492702657
high_frequency,11,8,8,polygon,True,-1,-17,True,17.0,-5.9233550684910306
high_frequency,11,8,8,bounded_tube,False,,-17,False,17.0,-5.9233550684910306
high_frequency,11,16,16,polygon,True,-1,-17,True,17.0,-2.543967311480763
high_frequency,11,16,16,bounded_tube,False,,-17,False,17.0,-2.543967311480763
high_frequency,11,32,32,polygon,True,5,-17,True,17.0,-1.6998817303840477
high_frequency,11,32,32,bounded_tube,False,,-17,False,17.0,-1.6998817303840477
high_frequency,12,8,8,polygon,True,1,17,True,17.0,-5.925420151146361
high_frequency,12,8,8,bounded_tube,False,,17,False,17.0,-5.925420151146361
high_frequency,12,16,16,polygon,True,1,17,True,17.0,-2.5425598347565512
high_frequency,12,16,16,bounded_tube,False,,17,False,17.0,-2.5425598347565512
high_frequency,12,32,32,polygon,True,-7,17,True,17.0,-1.7037753876761081
high_frequency,12,32,32,bounded_tube,False,,17,False,17.0,-1.7037753876761081
high_frequency,13,8,8,polygon,True,-1,-17,True,17.0,-5.939955733119703
high_frequency,13,8,8,bounded_tube,False,,-17,False,17.0,-5.939955733119703
high_frequency,13,16,16,polygon,True,-1,-17,True,17.0,-2.546864095185638
high_frequency,13,16,16,bounded_tube,False,,-17,False,17.0,-2.546864095185638
high_frequency,13,32,32,polygon,True,8,-17,True,17.0,-1.7021668617483645
high_frequency,13,32,32,bounded_tube,False,,-17,False,17.0,-1.7021668617483645
high_frequency,14,8,8,polygon,True,1,17,True,17.0,-5.947409392744321
high_frequency,14,8,8,bounded_tube,False,,17,False,17.0,-5.947409392744321
high_frequency,14,16,16,polygon,True,1,17,True,17.0,-2.5503326253417336
high_frequency,14,16,16,bounded_tube,False,,17,False,17.0,-2.5503326253417336
high_frequency,14,32,32,polygon,True,-7,17,True,17.0,-1.6977354574682915
high_frequency,14,32,32,bounded_tube,False,,17,False,17.0,-1.6977354574682915
high_frequency,15,8,8,polygon,True,-1,-17,True,17.0,-5.920567529023149
high_frequency,15,8,8,bounded_tube,False,,-17,False,17.0,-5.920567529023149
high_frequency,15,16,16,polygon,True,-1,-17,True,17.0,-2.548288894785771
high_frequency,15,16,16,bounded_tube,False,,-17,False,17.0,-2.548288894785771
high_frequency,15,32,32,polygon,True,6,-17,True,17.0,-1.7033667332735836
high_frequency,15,32,32,bounded_tube,False,,-17,False,17.0,-1.7033667332735836
high_frequency,16,8,8,polygon,True,1,17,True,17.0,-5.91794140852364
high_frequency,16,8,8,bounded_tube,False,,17,False,17.0,-5.91794140852364
high_frequency,16,16,16,polygon,True,1,17,True,17.0,-2.5462324510469427
high_frequency,16,16,16,bounded_tube,False,,17,False,17.0,-2.5462324510469427
high_frequency,16,32,32,polygon,True,-6,17,True,17.0,-1.7027833985860166
high_frequency,16,32,32,bounded_tube,False,,17,False,17.0,-1.7027833985860166
high_frequency,17,8,8,polygon,True,-1,-17,True,17.0,-5.939628418837952
high_frequency,17,8,8,bounded_tube,False,,-17,False,17.0,-5.939628418837952
high_frequency,17,16,16,polygon,True,-1,-17,True,17.0,-2.5259621256957887
high_frequency,17,16,16,bounded_tube,False,,-17,False,17.0,-2.5259621256957887
high_frequency,17,32,32,polygon,True,6,-17,True,17.0,-1.7024986125941144
high_frequency,17,32,32,bounded_tube,False,,-17,False,17.0,-1.7024986125941144
high_frequency,18,8,8,polygon,True,1,17,True,17.0,-5.9300832729780435
high_frequency,18,8,8,bounded_tube,False,,17,False,17.0,-5.9300832729780435
high_frequency,18,16,16,polygon,True,1,17,True,17.0,-2.5578233737064195
high_frequency,18,16,16,bounded_tube,False,,17,False,17.0,-2.5578233737064195
high_frequency,18,32,32,polygon,True,-7,17,True,17.0,-1.7010016332852196
high_frequency,18,32,32,bounded_tube,False,,17,False,17.0,-1.7010016332852196
high_frequency,19,8,8,polygon,True,-1,-17,True,17.0,-5.936126985401028
high_frequency,19,8,8,bounded_tube,False,,-17,False,17.0,-5.936126985401028
high_frequency,19,16,16,polygon,True,-1,-17,True,17.0,-2.5497689331047435
high_frequency,19,16,16,bounded_tube,False,,-17,False,17.0,-2.5497689331047435
high_frequency,19,32,32,polygon,True,7,-17,True,17.0,-1.6985952550758667
high_frequency,19,32,32,bounded_tube,False,,-17,False,17.0,-1.6985952550758667
high_frequency,20,8,8,polygon,True,1,17,True,17.0,-5.944650724516406
high_frequency,20,8,8,bounded_tube,False,,17,False,17.0,-5.944650724516406
high_frequency,20,16,16,polygon,True,1,17,True,17.0,-2.5422641883250447
high_frequency,20,16,16,bounded_tube,False,,17,False,17.0,-2.5422641883250447
high_frequency,20,32,32,polygon,True,-5,17,True,17.0,-1.7016399458386977
high_frequency,20,32,32,bounded_tube,False,,17,False,17.0,-1.7016399458386977
high_frequency,21,8,8,polygon,True,-1,-17,True,17.0,-5.93463975982606
high_frequency,21,8,8,bounded_tube,False,,-17,False,17.0,-5.93463975982606
high_frequency,21,16,16,polygon,True,-1,-17,True,17.0,-2.5465701383930432
high_frequency,21,16,16,bounded_tube,False,,-17,False,17.0,-2.5465701383930432
high_frequency,21,32,32,polygon,True,7,-17,True,17.0,-1.6998265097336545
high_frequency,21,32,32,bounded_tube,False,,-17,False,17.0,-1.6998265097336545
high_frequency,22,8,8,polygon,True,1,17,True,17.0,-5.93996596632671
high_frequency,22,8,8,bounded_tube,False,,17,False,17.0,-5.93996596632671
high_frequency,22,16,16,polygon,True,1,17,True,17.0,-2.530678059610036
high_frequency,22,16,16,bounded_tube,False,,17,False,17.0,-2.530678059610036
high_frequency,22,32,32,polygon,True,-7,17,True,17.0,-1.7029759129247433
high_frequency,22,32,32,bounded_tube,False,,17,False,17.0,-1.7029759129247433
high_frequency,23,8,8,polygon,True,-1,-17,True,17.0,-5.9339336464819255
high_frequency,23,8,8,bounded_tube,False,,-17,False,17.0,-5.9339336464819255
high_frequency,23,16,16,polygon,True,-1,-17,True,17.0,-2.5263901379006537
high_frequency,23,16,16,bounded_tube,False,,-17,False,17.0,-2.5263901379006537
high_frequency,23,32,32,polygon,True,7,-17,True,17.0,-1.7002751073801063
high_frequency,23,32,32,bounded_tube,False,,-17,False,17.0,-1.7002751073801063
high_frequency,24,8,8,polygon,True,1,17,True,17.0,-5.926652825581836
high_frequency,24,8,8,bounded_tube,False,,17,False,17.0,-5.926652825581836
high_frequency,24,16,16,polygon,True,1,17,True,17.0,-2.5446360520028675
high_frequency,24,16,16,bounded_tube,False,,17,False,17.0,-2.5446360520028675
high_frequency,24,32,32,polygon,True,-7,17,True,17.0,-1.7019872881734945
high_frequency,24,32,32,bounded_tube,False,,17,False,17.0,-1.7019872881734945
high_frequency,25,8,8,polygon,True,-1,-17,True,17.0,-5.907794068070492
high_frequency,25,8,8,bounded_tube,False,,-17,False,17.0,-5.907794068070492
high_frequency,25,16,16,polygon,True,-1,-17,True,17.0,-2.550132014199795
high_frequency,25,16,16,bounded_tube,False,,-17,False,17.0,-2.550132014199795
high_frequency,25,32,32,polygon,True,6,-17,True,17.0,-1.6954239610493824
high_frequency,25,32,32,bounded_tube,False,,-17,False,17.0,-1.6954239610493824
high_frequency,26,8,8,polygon,True,1,17,True,17.0,-5.949366821134779
high_frequency,26,8,8,bounded_tube,False,,17,False,17.0,-5.949366821134779
high_frequency,26,16,16,polygon,True,1,17,True,17.0,-2.5519720676465107
high_frequency,26,16,16,bounded_tube,False,,17,False,17.0,-2.5519720676465107
high_frequency,26,32,32,polygon,True,-8,17,True,17.0,-1.6971501716012827
high_frequency,26,32,32,bounded_tube,False,,17,False,17.0,-1.6971501716012827
high_frequency,27,8,8,polygon,True,-1,-17,True,17.0,-5.9211276628631015
high_frequency,27,8,8,bounded_tube,False,,-17,False,17.0,-5.9211276628631015
high_frequency,27,16,16,polygon,True,-1,-17,True,17.0,-2.5411968792024133
high_frequency,27,16,16,bounded_tube,False,,-17,False,17.0,-2.5411968792024133
high_frequency,27,32,32,polygon,True,6,-17,True,17.0,-1.7029189333705512
high_frequency,27,32,32,bounded_tube,False,,-17,False,17.0,-1.7029189333705512
high_frequency,28,8,8,polygon,True,1,17,True,17.0,-5.932136395191707
high_frequency,28,8,8,bounded_tube,False,,17,False,17.0,-5.932136395191707
high_frequency,28,16,16,polygon,True,1,17,True,17.0,-2.5498628341108445
high_frequency,28,16,16,bounded_tube,False,,17,False,17.0,-2.5498628341108445
high_frequency,28,32,32,polygon,True,-7,17,True,17.0,-1.7029361369021103
high_frequency,28,32,32,bounded_tube,False,,17,False,17.0,-1.7029361369021103
high_frequency,29,8,8,polygon,True,-1,-17,True,17.0,-5.92840570895252
high_frequency,29,8,8,bounded_tube,False,,-17,False,17.0,-5.92840570895252
high_frequency,29,16,16,polygon,True,-1,-17,True,17.0,-2.5406845180729145
high_frequency,29,16,16,bounded_tube,False,,-17,False,17.0,-2.5406845180729145
high_frequency,29,32,32,polygon,True,6,-17,True,17.0,-1.7011275799940975
high_frequency,29,32,32,bounded_tube,False,,-17,False,17.0,-1.7011275799940975
high_frequency,30,8,8,polygon,True,1,17,True,17.0,-5.938548919204591
high_frequency,30,8,8,bounded_tube,False,,17,False,17.0,-5.938548919204591
high_frequency,30,16,16,polygon,True,1,17,True,17.0,-2.531928531487125
high_frequency,30,16,16,bounded_tube,False,,17,False,17.0,-2.531928531487125
high_frequency,30,32,32,polygon,True,-7,17,True,17.0,-1.7018199427856957
high_frequency,30,32,32,bounded_tube,False,,17,False,17.0,-1.7018199427856957
high_frequency,31,8,8,polygon,True,-1,-17,True,17.0,-5.942591893403591
high_frequency,31,8,8,bounded_tube,False,,-17,False,17.0,-5.942591893403591
high_frequency,31,16,16,polygon,True,-1,-17,True,17.0,-2.540465158805302
high_frequency,31,16,16,bounded_tube,False,,-17,False,17.0,-2.540465158805302
high_frequency,31,32,32,polygon,True,6,-17,True,17.0,-1.7025440377900807
high_frequency,31,32,32,bounded_tube,False,,-17,False,17.0,-1.7025440377900807
high_frequency,32,8,8,polygon,True,1,17,True,17.0,-5.927096030798905
high_frequency,32,8,8,bounded_tube,False,,17,False,17.0,-5.927096030798905
high_frequency,32,16,16,polygon,True,1,17,True,17.0,-2.5542817577432007
high_frequency,32,16,16,bounded_tube,False,,17,False,17.0,-2.5542817577432007
high_frequency,32,32,32,polygon,True,-7,17,True,17.0,-1.6965594095743821
high_frequency,32,32,32,bounded_tube,False,,17,False,17.0,-1.6965594095743821
high_frequency,33,8,8,polygon,True,-1,-17,True,17.0,-5.928730315974639
high_frequency,33,8,8,bounded_tube,False,,-17,False,17.0,-5.928730315974639
high_frequency,33,16,16,polygon,True,-1,-17,True,17.0,-2.536070665712937
high_frequency,33,16,16,bounded_tube,False,,-17,False,17.0,-2.536070665712937
high_frequency,33,32,32,polygon,True,6,-17,True,17.0,-1.701781908342807
high_frequency,33,32,32,bounded_tube,False,,-17,False,17.0,-1.701781908342807
high_frequency,34,8,8,polygon,True,1,17,True,17.0,-5.927113864786557
high_frequency,34,8,8,bounded_tube,False,,17,False,17.0,-5.927113864786557
high_frequency,34,16,16,polygon,True,1,17,True,17.0,-2.5429971787168926
high_frequency,34,16,16,bounded_tube,False,,17,False,17.0,-2.5429971787168926
high_frequency,34,32,32,polygon,True,-7,17,True,17.0,-1.7034019736627246
high_frequency,34,32,32,bounded_tube,False,,17,False,17.0,-1.7034019736627246
high_frequency,35,8,8,polygon,True,-1,-17,True,17.0,-5.941661962787853
high_frequency,35,8,8,bounded_tube,False,,-17,False,17.0,-5.941661962787853
high_frequency,35,16,16,polygon,True,-1,-17,True,17.0,-2.5501528687178547
high_frequency,35,16,16,bounded_tube,False,,-17,False,17.0,-2.5501528687178547
high_frequency,35,32,32,polygon,True,5,-17,True,17.0,-1.6966201513435464
high_frequency,35,32,32,bounded_tube,False,,-17,False,17.0,-1.6966201513435464
high_frequency,36,8,8,polygon,True,1,17,True,17.0,-5.942352655976203
high_frequency,36,8,8,bounded_tube,False,,17,False,17.0,-5.942352655976203
high_frequency,36,16,16,polygon,True,1,17,True,17.0,-2.551907316288581
high_frequency,36,16,16,bounded_tube,False,,17,False,17.0,-2.551907316288581
high_frequency,36,32,32,polygon,True,-6,17,True,17.0,-1.702454346471915
high_frequency,36,32,32,bounded_tube,False,,17,False,17.0,-1.702454346471915
high_frequency,37,8,8,polygon,True,-1,-17,True,17.0,-5.920162200515687
high_frequency,37,8,8,bounded_tube,False,,-17,False,17.0,-5.920162200515687
high_frequency,37,16,16,polygon,True,-1,-17,True,17.0,-2.537308527474372
high_frequency,37,16,16,bounded_tube,False,,-17,False,17.0,-2.537308527474372
high_frequency,37,32,32,polygon,True,5,-17,True,17.0,-1.7002019627977523
high_frequency,37,32,32,bounded_tube,False,,-17,False,17.0,-1.7002019627977523
high_frequency,38,8,8,polygon,True,1,17,True,17.0,-5.957280204284633
high_frequency,38,8,8,bounded_tube,False,,17,False,17.0,-5.957280204284633
high_frequency,38,16,16,polygon,True,1,17,True,17.0,-2.5648182654600644
high_frequency,38,16,16,bounded_tube,False,,17,False,17.0,-2.5648182654600644
high_frequency,38,32,32,polygon,True,-6,17,True,17.0,-1.6997177010834688
high_frequency,38,32,32,bounded_tube,False,,17,False,17.0,-1.6997177010834688
high_frequency,39,8,8,polygon,True,-1,-17,True,17.0,-5.95380775273863
high_frequency,39,8,8,bounded_tube,False,,-17,False,17.0,-5.95380775273863
high_frequency,39,16,16,polygon,True,-1,-17,True,17.0,-2.5487139535172187
high_frequency,39,16,16,bounded_tube,False,,-17,False,17.0,-2.5487139535172187
high_frequency,39,32,32,polygon,True,6,-17,True,17.0,-1.70273769215029
high_frequency,39,32,32,bounded_tube,False,,-17,False,17.0,-1.70273769215029
missing_sector,0,8,5,polygon,True,1,1,False,1.0,-1.4630843128981155
missing_sector,0,8,5,bounded_tube,False,,1,False,1.0,-1.4630843128981155
missing_sector,0,16,10,polygon,True,1,1,False,1.0,-1.0677510942398296
missing_sector,0,16,10,bounded_tube,False,,1,False,1.0,-1.0677510942398296
missing_sector,0,32,20,polygon,True,1,1,False,1.0,-0.8953031098488526
missing_sector,0,32,20,bounded_tube,False,,1,False,1.0,-0.8953031098488526
missing_sector,1,8,5,polygon,True,0,-1,True,1.0,-1.4622301142458753
missing_sector,1,8,5,bounded_tube,False,,-1,False,1.0,-1.4622301142458753
missing_sector,1,16,10,polygon,True,-1,-1,False,1.0,-1.3822463006181103
missing_sector,1,16,10,bounded_tube,False,,-1,False,1.0,-1.3822463006181103
missing_sector,1,32,20,polygon,True,-1,-1,False,1.0,-1.151153309567935
missing_sector,1,32,20,bounded_tube,False,,-1,False,1.0,-1.151153309567935
missing_sector,2,8,5,polygon,True,1,1,False,1.0,-1.450781454436736
missing_sector,2,8,5,bounded_tube,False,,1,False,1.0,-1.450781454436736
missing_sector,2,16,10,polygon,True,1,1,False,1.0,-1.0828603358750897
missing_sector,2,16,10,bounded_tube,False,,1,False,1.0,-1.0828603358750897
missing_sector,2,32,20,polygon,True,1,1,False,1.0,-0.8796280892293042
missing_sector,2,32,20,bounded_tube,False,,1,False,1.0,-0.8796280892293042
missing_sector,3,8,5,polygon,True,0,-1,True,1.0,-1.492722821889327
missing_sector,3,8,5,bounded_tube,False,,-1,False,1.0,-1.492722821889327
missing_sector,3,16,10,polygon,True,-1,-1,False,1.0,-1.3308647261438062
missing_sector,3,16,10,bounded_tube,False,,-1,False,1.0,-1.3308647261438062
missing_sector,3,32,20,polygon,True,-1,-1,False,1.0,-1.1226285453484561
missing_sector,3,32,20,bounded_tube,False,,-1,False,1.0,-1.1226285453484561
missing_sector,4,8,5,polygon,True,1,1,False,1.0,-1.5778912202301483
missing_sector,4,8,5,bounded_tube,False,,1,False,1.0,-1.5778912202301483
missing_sector,4,16,10,polygon,True,1,1,False,1.0,-1.2171172837847637
missing_sector,4,16,10,bounded_tube,False,,1,False,1.0,-1.2171172837847637
missing_sector,4,32,20,polygon,True,1,1,False,1.0,-1.0354072279212354
missing_sector,4,32,20,bounded_tube,False,,1,False,1.0,-1.0354072279212354
missing_sector,5,8,5,polygon,True,-1,-1,False,1.0,-1.5005023518968215
missing_sector,5,8,5,bounded_tube,False,,-1,False,1.0,-1.5005023518968215
missing_sector,5,16,10,polygon,True,-1,-1,False,1.0,-1.093718087916217
missing_sector,5,16,10,bounded_tube,False,,-1,False,1.0,-1.093718087916217
missing_sector,5,32,20,polygon,True,-1,-1,False,1.0,-0.8947401838018554
missing_sector,5,32,20,bounded_tube,False,,-1,False,1.0,-0.8947401838018554
missing_sector,6,8,5,polygon,True,1,1,False,1.0,-1.5235232552998008
missing_sector,6,8,5,bounded_tube,False,,1,False,1.0,-1.5235232552998008
missing_sector,6,16,10,polygon,True,1,1,False,1.0,-1.1446484709590887
missing_sector,6,16,10,bounded_tube,False,,1,False,1.0,-1.1446484709590887
missing_sector,6,32,20,polygon,True,1,1,False,1.0,-0.9557254268058561
missing_sector,6,32,20,bounded_tube,False,,1,False,1.0,-0.9557254268058561
missing_sector,7,8,5,polygon,True,0,-1,True,1.0,-1.5588483144840872
missing_sector,7,8,5,bounded_tube,False,,-1,False,1.0,-1.5588483144840872
missing_sector,7,16,10,polygon,True,-1,-1,False,1.0,-1.2592036234804298
missing_sector,7,16,10,bounded_tube,False,,-1,False,1.0,-1.2592036234804298
missing_sector,7,32,20,polygon,True,-1,-1,False,1.0,-1.1054823929260473
missing_sector,7,32,20,bounded_tube,False,,-1,False,1.0,-1.1054823929260473
missing_sector,8,8,5,polygon,True,1,1,False,1.0,-1.5473054335527863
missing_sector,8,8,5,bounded_tube,False,,1,False,1.0,-1.5473054335527863
missing_sector,8,16,10,polygon,True,1,1,False,1.0,-1.1582732778395561
missing_sector,8,16,10,bounded_tube,False,,1,False,1.0,-1.1582732778395561
missing_sector,8,32,20,polygon,True,1,1,False,1.0,-0.9895021353951661
missing_sector,8,32,20,bounded_tube,False,,1,False,1.0,-0.9895021353951661
missing_sector,9,8,5,polygon,True,0,-1,True,1.0,-1.5947195715711684
missing_sector,9,8,5,bounded_tube,False,,-1,False,1.0,-1.5947195715711684
missing_sector,9,16,10,polygon,True,-1,-1,False,1.0,-1.21938829799672
missing_sector,9,16,10,bounded_tube,False,,-1,False,1.0,-1.21938829799672
missing_sector,9,32,20,polygon,True,-1,-1,False,1.0,-0.9991467678012245
missing_sector,9,32,20,bounded_tube,False,,-1,False,1.0,-0.9991467678012245
missing_sector,10,8,5,polygon,True,0,1,True,1.0,-1.583743975801589
missing_sector,10,8,5,bounded_tube,False,,1,False,1.0,-1.583743975801589
missing_sector,10,16,10,polygon,True,1,1,False,1.0,-1.2688839063177064
missing_sector,10,16,10,bounded_tube,False,,1,False,1.0,-1.2688839063177064
missing_sector,10,32,20,polygon,True,1,1,False,1.0,-1.115503474083666
missing_sector,10,32,20,bounded_tube,False,,1,False,1.0,-1.115503474083666
missing_sector,11,8,5,polygon,True,0,-1,True,1.0,-1.5390042863436022
missing_sector,11,8,5,bounded_tube,False,,-1,False,1.0,-1.5390042863436022
missing_sector,11,16,10,polygon,True,-1,-1,False,1.0,-1.2502097244638257
missing_sector,11,16,10,bounded_tube,False,,-1,False,1.0,-1.2502097244638257
missing_sector,11,32,20,polygon,True,-1,-1,False,1.0,-1.0509420522611976
missing_sector,11,32,20,bounded_tube,False,,-1,False,1.0,-1.0509420522611976
missing_sector,12,8,5,polygon,True,1,1,False,1.0,-1.4445709680242635
missing_sector,12,8,5,bounded_tube,False,,1,False,1.0,-1.4445709680242635
missing_sector,12,16,10,polygon,True,1,1,False,1.0,-1.0657138718249817
missing_sector,12,16,10,bounded_tube,False,,1,False,1.0,-1.0657138718249817
missing_sector,12,32,20,polygon,True,1,1,False,1.0,-0.8731850933825872
missing_sector,12,32,20,bounded_tube,False,,1,False,1.0,-0.8731850933825872
missing_sector,13,8,5,polygon,True,0,-1,True,1.0,-1.4648904735928117
missing_sector,13,8,5,bounded_tube,False,,-1,False,1.0,-1.4648904735928117
missing_sector,13,16,10,polygon,True,-1,-1,False,1.0,-1.3485034983696633
missing_sector,13,16,10,bounded_tube,False,,-1,False,1.0,-1.3485034983696633
missing_sector,13,32,20,polygon,True,-1,-1,False,1.0,-1.1719344216257395
missing_sector,13,32,20,bounded_tube,False,,-1,False,1.0,-1.1719344216257395
missing_sector,14,8,5,polygon,True,1,1,False,1.0,-1.4528086166791705
missing_sector,14,8,5,bounded_tube,False,,1,False,1.0,-1.4528086166791705
missing_sector,14,16,10,polygon,True,1,1,False,1.0,-1.076420029808696
missing_sector,14,16,10,bounded_tube,False,,1,False,1.0,-1.076420029808696
missing_sector,14,32,20,polygon,True,1,1,False,1.0,-0.876904746621447
missing_sector,14,32,20,bounded_tube,False,,1,False,1.0,-0.876904746621447
missing_sector,15,8,5,polygon,True,0,-1,True,1.0,-1.4760630037852513
missing_sector,15,8,5,bounded_tube,False,,-1,False,1.0,-1.4760630037852513
missing_sector,15,16,10,polygon,True,-1,-1,False,1.0,-1.335661326721622
missing_sector,15,16,10,bounded_tube,False,,-1,False,1.0,-1.335661326721622
missing_sector,15,32,20,polygon,True,-1,-1,False,1.0,-1.1385462330279674
missing_sector,15,32,20,bounded_tube,False,,-1,False,1.0,-1.1385462330279674
missing_sector,16,8,5,polygon,True,0,1,True,1.0,-1.5321617022908673
missing_sector,16,8,5,bounded_tube,False,,1,False,1.0,-1.5321617022908673
missing_sector,16,16,10,polygon,True,1,1,False,1.0,-1.305804271311085
missing_sector,16,16,10,bounded_tube,False,,1,False,1.0,-1.305804271311085
missing_sector,16,32,20,polygon,True,1,1,False,1.0,-1.125853789761242
missing_sector,16,32,20,bounded_tube,False,,1,False,1.0,-1.125853789761242
missing_sector,17,8,5,polygon,True,0,-1,True,1.0,-1.5450141501373218
missing_sector,17,8,5,bounded_tube,False,,-1,False,1.0,-1.5450141501373218
missing_sector,17,16,10,polygon,True,-1,-1,False,1.0,-1.2963240297372283
missing_sector,17,16,10,bounded_tube,False,,-1,False,1.0,-1.2963240297372283
missing_sector,17,32,20,polygon,True,-1,-1,False,1.0,-1.1256502360461285
missing_sector,17,32,20,bounded_tube,False,,-1,False,1.0,-1.1256502360461285
missing_sector,18,8,5,polygon,True,1,1,False,1.0,-1.5387408391850472
missing_sector,18,8,5,bounded_tube,False,,1,False,1.0,-1.5387408391850472
missing_sector,18,16,10,polygon,True,1,1,False,1.0,-1.180451940675683
missing_sector,18,16,10,bounded_tube,False,,1,False,1.0,-1.180451940675683
missing_sector,18,32,20,polygon,True,1,1,False,1.0,-1.0323875546787105
missing_sector,18,32,20,bounded_tube,False,,1,False,1.0,-1.0323875546787105
missing_sector,19,8,5,polygon,True,-1,-1,False,1.0,-1.5903602561548502
missing_sector,19,8,5,bounded_tube,False,,-1,False,1.0,-1.5903602561548502
missing_sector,19,16,10,polygon,True,-1,-1,False,1.0,-1.1937406245832933
missing_sector,19,16,10,bounded_tube,False,,-1,False,1.0,-1.1937406245832933
missing_sector,19,32,20,polygon,True,-1,-1,False,1.0,-1.0214275713121048
missing_sector,19,32,20,bounded_tube,False,,-1,False,1.0,-1.0214275713121048
missing_sector,20,8,5,polygon,True,0,1,True,1.0,-1.45323255097469
missing_sector,20,8,5,bounded_tube,False,,1,False,1.0,-1.45323255097469
missing_sector,20,16,10,polygon,True,1,1,False,1.0,-1.33021554085317
missing_sector,20,16,10,bounded_tube,False,,1,False,1.0,-1.33021554085317
missing_sector,20,32,20,polygon,True,1,1,False,1.0,-1.1358207735362778
missing_sector,20,32,20,bounded_tube,False,,1,False,1.0,-1.1358207735362778
missing_sector,21,8,5,polygon,True,-1,-1,False,1.0,-1.537792496099826
missing_sector,21,8,5,bounded_tube,False,,-1,False,1.0,-1.537792496099826
missing_sector,21,16,10,polygon,True,-1,-1,False,1.0,-1.103360590221969
missing_sector,21,16,10,bounded_tube,False,,-1,False,1.0,-1.103360590221969
missing_sector,21,32,20,polygon,True,-1,-1,False,1.0,-0.8962039127406823
missing_sector,21,32,20,bounded_tube,False,,-1,False,1.0,-0.8962039127406823
missing_sector,22,8,5,polygon,True,0,1,True,1.0,-1.4470815654814406
missing_sector,22,8,5,bounded_tube,False,,1,False,1.0,-1.4470815654814406
missing_sector,22,16,10,polygon,True,1,1,False,1.0,-1.3542099448996403
missing_sector,22,16,10,bounded_tube,False,,1,False,1.0,-1.3542099448996403
missing_sector,22,32,20,polygon,True,1,1,False,1.0,-1.1620808948758188
missing_sector,22,32,20,bounded_tube,False,,1,False,1.0,-1.1620808948758188
missing_sector,23,8,5,polygon,True,-1,-1,False,1.0,-1.4642620873082974
missing_sector,23,8,5,bounded_tube,False,,-1,False,1.0,-1.4642620873082974
missing_sector,23,16,10,polygon,True,-1,-1,False,1.0,-1.0796602473791932
missing_sector,23,16,10,bounded_tube,False,,-1,False,1.0,-1.0796602473791932
missing_sector,23,32,20,polygon,True,-1,-1,False,1.0,-0.8736569552978006
missing_sector,23,32,20,bounded_tube,False,,-1,False,1.0,-0.8736569552978006
missing_sector,24,8,5,polygon,True,0,1,True,1.0,-1.518558712425954
missing_sector,24,8,5,bounded_tube,False,,1,False,1.0,-1.518558712425954
missing_sector,24,16,10,polygon,True,1,1,False,1.0,-1.3307491383164731
missing_sector,24,16,10,bounded_tube,False,,1,False,1.0,-1.3307491383164731
missing_sector,24,32,20,polygon,True,1,1,False,1.0,-1.130260024959119
missing_sector,24,32,20,bounded_tube,False,,1,False,1.0,-1.130260024959119
missing_sector,25,8,5,polygon,True,0,-1,True,1.0,-1.4773814572822328
missing_sector,25,8,5,bounded_tube,False,,-1,False,1.0,-1.4773814572822328
missing_sector,25,16,10,polygon,True,-1,-1,False,1.0,-1.3336854149960313
missing_sector,25,16,10,bounded_tube,False,,-1,False,1.0,-1.3336854149960313
missing_sector,25,32,20,polygon,True,-1,-1,False,1.0,-1.1549241186622645
missing_sector,25,32,20,bounded_tube,False,,-1,False,1.0,-1.1549241186622645
missing_sector,26,8,5,polygon,True,0,1,True,1.0,-1.4633369073837987
missing_sector,26,8,5,bounded_tube,False,,1,False,1.0,-1.4633369073837987
missing_sector,26,16,10,polygon,True,1,1,False,1.0,-1.3417423787842766
missing_sector,26,16,10,bounded_tube,False,,1,False,1.0,-1.3417423787842766
missing_sector,26,32,20,polygon,True,1,1,False,1.0,-1.186425482363118
missing_sector,26,32,20,bounded_tube,False,,1,False,1.0,-1.186425482363118
missing_sector,27,8,5,polygon,True,-1,-1,False,1.0,-1.4773178852695557
missing_sector,27,8,5,bounded_tube,False,,-1,False,1.0,-1.4773178852695557
missing_sector,27,16,10,polygon,True,-1,-1,False,1.0,-1.060525284898503
missing_sector,27,16,10,bounded_tube,False,,-1,False,1.0,-1.060525284898503
missing_sector,27,32,20,polygon,True,-1,-1,False,1.0,-0.8790081406665691
missing_sector,27,32,20,bounded_tube,False,,-1,False,1.0,-0.8790081406665691
missing_sector,28,8,5,polygon,True,0,1,True,1.0,-1.4576355257874485
missing_sector,28,8,5,bounded_tube,False,,1,False,1.0,-1.4576355257874485
missing_sector,28,16,10,polygon,True,1,1,False,1.0,-1.3694962292018626
missing_sector,28,16,10,bounded_tube,False,,1,False,1.0,-1.3694962292018626
missing_sector,28,32,20,polygon,True,1,1,False,1.0,-1.1451714621600726
missing_sector,28,32,20,bounded_tube,False,,1,False,1.0,-1.1451714621600726
missing_sector,29,8,5,polygon,True,0,-1,True,1.0,-1.497525932480538
missing_sector,29,8,5,bounded_tube,False,,-1,False,1.0,-1.497525932480538
missing_sector,29,16,10,polygon,True,-1,-1,False,1.0,-1.3053982767025099
missing_sector,29,16,10,bounded_tube,False,,-1,False,1.0,-1.3053982767025099
missing_sector,29,32,20,polygon,True,-1,-1,False,1.0,-1.0984908258807495
missing_sector,29,32,20,bounded_tube,False,,-1,False,1.0,-1.0984908258807495
missing_sector,30,8,5,polygon,True,1,1,False,1.0,-1.5780103567974504
missing_sector,30,8,5,bounded_tube,False,,1,False,1.0,-1.5780103567974504
missing_sector,30,16,10,polygon,True,1,1,False,1.0,-1.2185020561110018
missing_sector,30,16,10,bounded_tube,False,,1,False,1.0,-1.2185020561110018
missing_sector,30,32,20,polygon,True,1,1,False,1.0,-1.0504212450633614
missing_sector,30,32,20,bounded_tube,False,,1,False,1.0,-1.0504212450633614
missing_sector,31,8,5,polygon,True,-1,-1,False,1.0,-1.4667137239062198
missing_sector,31,8,5,bounded_tube,False,,-1,False,1.0,-1.4667137239062198
missing_sector,31,16,10,polygon,True,-1,-1,False,1.0,-1.0795292878347316
missing_sector,31,16,10,bounded_tube,False,,-1,False,1.0,-1.0795292878347316
missing_sector,31,32,20,polygon,True,-1,-1,False,1.0,-0.8931548697703172
missing_sector,31,32,20,bounded_tube,False,,-1,False,1.0,-0.8931548697703172
missing_sector,32,8,5,polygon,True,0,1,True,1.0,-1.4927212809848807
missing_sector,32,8,5,bounded_tube,False,,1,False,1.0,-1.4927212809848807
missing_sector,32,16,10,polygon,True,1,1,False,1.0,-1.3380769324839317
missing_sector,32,16,10,bounded_tube,False,,1,False,1.0,-1.3380769324839317
missing_sector,32,32,20,polygon,True,1,1,False,1.0,-1.1457956654700325
missing_sector,32,32,20,bounded_tube,False,,1,False,1.0,-1.1457956654700325
missing_sector,33,8,5,polygon,True,0,-1,True,1.0,-1.4651770826080628
missing_sector,33,8,5,bounded_tube,False,,-1,False,1.0,-1.4651770826080628
missing_sector,33,16,10,polygon,True,-1,-1,False,1.0,-1.3737360361824413
missing_sector,33,16,10,bounded_tube,False,,-1,False,1.0,-1.3737360361824413
missing_sector,33,32,20,polygon,True,-1,-1,False,1.0,-1.1652989182419828
missing_sector,33,32,20,bounded_tube,False,,-1,False,1.0,-1.1652989182419828
missing_sector,34,8,5,polygon,True,1,1,False,1.0,-1.5042813235480785
missing_sector,34,8,5,bounded_tube,False,,1,False,1.0,-1.5042813235480785
missing_sector,34,16,10,polygon,True,1,1,False,1.0,-1.1227726842029433
missing_sector,34,16,10,bounded_tube,False,,1,False,1.0,-1.1227726842029433
missing_sector,34,32,20,polygon,True,1,1,False,1.0,-0.9390677778216546
missing_sector,34,32,20,bounded_tube,False,,1,False,1.0,-0.9390677778216546
missing_sector,35,8,5,polygon,True,-1,-1,False,1.0,-1.458189409170647
missing_sector,35,8,5,bounded_tube,False,,-1,False,1.0,-1.458189409170647
missing_sector,35,16,10,polygon,True,-1,-1,False,1.0,-1.0731752547615399
missing_sector,35,16,10,bounded_tube,False,,-1,False,1.0,-1.0731752547615399
missing_sector,35,32,20,polygon,True,-1,-1,False,1.0,-0.9149552320685063
missing_sector,35,32,20,bounded_tube,False,,-1,False,1.0,-0.9149552320685063
missing_sector,36,8,5,polygon,True,0,1,True,1.0,-1.4840785112860526
missing_sector,36,8,5,bounded_tube,False,,1,False,1.0,-1.4840785112860526
missing_sector,36,16,10,polygon,True,1,1,False,1.0,-1.3144241880450431
missing_sector,36,16,10,bounded_tube,False,,1,False,1.0,-1.3144241880450431
missing_sector,36,32,20,polygon,True,1,1,False,1.0,-1.1334656951635185
missing_sector,36,32,20,bounded_tube,False,,1,False,1.0,-1.1334656951635185
missing_sector,37,8,5,polygon,True,-1,-1,False,1.0,-1.592597419187405
missing_sector,37,8,5,bounded_tube,False,,-1,False,1.0,-1.592597419187405
missing_sector,37,16,10,polygon,True,-1,-1,False,1.0,-1.2294747556272092
missing_sector,37,16,10,bounded_tube,False,,-1,False,1.0,-1.2294747556272092
missing_sector,37,32,20,polygon,True,-1,-1,False,1.0,-1.0473144460200088
missing_sector,37,32,20,bounded_tube,False,,-1,False,1.0,-1.0473144460200088
missing_sector,38,8,5,polygon,True,0,1,True,1.0,-1.4626911313847843
missing_sector,38,8,5,bounded_tube,False,,1,False,1.0,-1.4626911313847843
missing_sector,38,16,10,polygon,True,1,1,False,1.0,-1.3773148219740738
missing_sector,38,16,10,bounded_tube,False,,1,False,1.0,-1.3773148219740738
missing_sector,38,32,20,polygon,True,1,1,False,1.0,-1.1753115904721354
missing_sector,38,32,20,bounded_tube,False,,1,False,1.0,-1.1753115904721354
missing_sector,39,8,5,polygon,True,-1,-1,False,1.0,-1.4623340622750882
missing_sector,39,8,5,bounded_tube,False,,-1,False,1.0,-1.4623340622750882
missing_sector,39,16,10,polygon,True,-1,-1,False,1.0,-1.082648906648611
missing_sector,39,16,10,bounded_tube,False,,-1,False,1.0,-1.082648906648611
missing_sector,39,32,20,polygon,True,-1,-1,False,1.0,-0.8811791258135471
missing_sector,39,32,20,bounded_tube,False,,-1,False,1.0,-0.8811791258135471
multimode,0,8,8,polygon,True,1,1,False,1.54,0.0685332079244576
multimode,0,8,8,bounded_tube,True,1,1,False,1.54,0.0685332079244576
multimode,0,16,16,polygon,True,1,1,False,1.54,0.3394676910819078
multimode,0,16,16,bounded_tube,True,1,1,False,1.54,0.3394676910819078
multimode,0,32,32,polygon,True,1,1,False,1.54,0.4559808001686141
multimode,0,32,32,bounded_tube,True,1,1,False,1.54,0.4559808001686141
multimode,1,8,8,polygon,True,-1,-1,False,1.54,0.06215885484795225
multimode,1,8,8,bounded_tube,True,-1,-1,False,1.54,0.06215885484795225
multimode,1,16,16,polygon,True,-1,-1,False,1.54,0.3733261821989621
multimode,1,16,16,bounded_tube,True,-1,-1,False,1.54,0.3733261821989621
multimode,1,32,32,polygon,True,-1,-1,False,1.54,0.5161692400558409
multimode,1,32,32,bounded_tube,True,-1,-1,False,1.54,0.5161692400558409
multimode,2,8,8,polygon,True,1,1,False,1.54,0.08655724571876489
multimode,2,8,8,bounded_tube,True,1,1,False,1.54,0.08655724571876489
multimode,2,16,16,polygon,True,1,1,False,1.54,0.3449444517683564
multimode,2,16,16,bounded_tube,True,1,1,False,1.54,0.3449444517683564
multimode,2,32,32,polygon,True,1,1,False,1.54,0.503053899567004
multimode,2,32,32,bounded_tube,True,1,1,False,1.54,0.503053899567004
multimode,3,8,8,polygon,True,-1,-1,False,1.54,0.17820438645276016
multimode,3,8,8,bounded_tube,True,-1,-1,False,1.54,0.17820438645276016
multimode,3,16,16,polygon,True,-1,-1,False,1.54,0.4669481669167518
multimode,3,16,16,bounded_tube,True,-1,-1,False,1.54,0.4669481669167518
multimode,3,32,32,polygon,True,-1,-1,False,1.54,0.6481707330708498
multimode,3,32,32,bounded_tube,True,-1,-1,False,1.54,0.6481707330708498
multimode,4,8,8,polygon,True,1,1,False,1.54,0.06651394457249094
multimode,4,8,8,bounded_tube,True,1,1,False,1.54,0.06651394457249094
multimode,4,16,16,polygon,True,1,1,False,1.54,0.33082859460820413
multimode,4,16,16,bounded_tube,True,1,1,False,1.54,0.33082859460820413
multimode,4,32,32,polygon,True,1,1,False,1.54,0.5182616781370077
multimode,4,32,32,bounded_tube,True,1,1,False,1.54,0.5182616781370077
multimode,5,8,8,polygon,True,-1,-1,False,1.54,0.10902941952250089
multimode,5,8,8,bounded_tube,True,-1,-1,False,1.54,0.10902941952250089
multimode,5,16,16,polygon,True,-1,-1,False,1.54,0.4189180757262173
multimode,5,16,16,bounded_tube,True,-1,-1,False,1.54,0.4189180757262173
multimode,5,32,32,polygon,True,-1,-1,False,1.54,0.5495802691576843
multimode,5,32,32,bounded_tube,True,-1,-1,False,1.54,0.5495802691576843
multimode,6,8,8,polygon,True,1,1,False,1.54,0.033380834482135247
multimode,6,8,8,bounded_tube,True,1,1,False,1.54,0.033380834482135247
multimode,6,16,16,polygon,True,1,1,False,1.54,0.36118144296367305
multimode,6,16,16,bounded_tube,True,1,1,False,1.54,0.36118144296367305
multimode,6,32,32,polygon,True,1,1,False,1.54,0.4729392610345634
multimode,6,32,32,bounded_tube,True,1,1,False,1.54,0.4729392610345634
multimode,7,8,8,polygon,True,-1,-1,False,1.54,0.15492863861634798
multimode,7,8,8,bounded_tube,True,-1,-1,False,1.54,0.15492863861634798
multimode,7,16,16,polygon,True,-1,-1,False,1.54,0.45473778436296863
multimode,7,16,16,bounded_tube,True,-1,-1,False,1.54,0.45473778436296863
multimode,7,32,32,polygon,True,-1,-1,False,1.54,0.5858226410749459
multimode,7,32,32,bounded_tube,True,-1,-1,False,1.54,0.5858226410749459
multimode,8,8,8,polygon,True,1,1,False,1.54,0.03215893461403019
multimode,8,8,8,bounded_tube,True,1,1,False,1.54,0.03215893461403019
multimode,8,16,16,polygon,True,1,1,False,1.54,0.3522173673933976
multimode,8,16,16,bounded_tube,True,1,1,False,1.54,0.3522173673933976
multimode,8,32,32,polygon,True,1,1,False,1.54,0.4987758082350231
multimode,8,32,32,bounded_tube,True,1,1,False,1.54,0.4987758082350231
multimode,9,8,8,polygon,True,-1,-1,False,1.54,0.03224416494705795
multimode,9,8,8,bounded_tube,True,-1,-1,False,1.54,0.03224416494705795
multimode,9,16,16,polygon,True,-1,-1,False,1.54,0.30098007416611705
multimode,9,16,16,bounded_tube,True,-1,-1,False,1.54,0.30098007416611705
multimode,9,32,32,polygon,True,-1,-1,False,1.54,0.47504183927973
multimode,9,32,32,bounded_tube,True,-1,-1,False,1.54,0.47504183927973
multimode,10,8,8,polygon,True,1,1,False,1.54,0.05016212694067712
multimode,10,8,8,bounded_tube,True,1,1,False,1.54,0.05016212694067712
multimode,10,16,16,polygon,True,1,1,False,1.54,0.34506870356308206
multimode,10,16,16,bounded_tube,True,1,1,False,1.54,0.34506870356308206
multimode,10,32,32,polygon,True,1,1,False,1.54,0.5155178894252864
multimode,10,32,32,bounded_tube,True,1,1,False,1.54,0.5155178894252864
multimode,11,8,8,polygon,True,-1,-1,False,1.54,0.09153675923553817
multimode,11,8,8,bounded_tube,True,-1,-1,False,1.54,0.09153675923553817
multimode,11,16,16,polygon,True,-1,-1,False,1.54,0.35261268082911834
multimode,11,16,16,bounded_tube,True,-1,-1,False,1.54,0.35261268082911834
multimode,11,32,32,polygon,True,-1,-1,False,1.54,0.5030959827479538
multimode,11,32,32,bounded_tube,True,-1,-1,False,1.54,0.5030959827479538
multimode,12,8,8,polygon,True,1,1,False,1.54,0.08188655100234732
multimode,12,8,8,bounded_tube,True,1,1,False,1.54,0.08188655100234732
multimode,12,16,16,polygon,True,1,1,False,1.54,0.34263199214045137
multimode,12,16,16,bounded_tube,True,1,1,False,1.54,0.34263199214045137
multimode,12,32,32,polygon,True,1,1,False,1.54,0.4866256280303586
multimode,12,32,32,bounded_tube,True,1,1,False,1.54,0.4866256280303586
multimode,13,8,8,polygon,True,-1,-1,False,1.54,0.04615072366027184
multimode,13,8,8,bounded_tube,True,-1,-1,False,1.54,0.04615072366027184
multimode,13,16,16,polygon,True,-1,-1,False,1.54,0.34412131710594396
multimode,13,16,16,bounded_tube,True,-1,-1,False,1.54,0.34412131710594396
multimode,13,32,32,polygon,True,-1,-1,False,1.54,0.49445501086486654
multimode,13,32,32,bounded_tube,True,-1,-1,False,1.54,0.49445501086486654
multimode,14,8,8,polygon,True,1,1,False,1.54,0.07573237490898344
multimode,14,8,8,bounded_tube,True,1,1,False,1.54,0.07573237490898344
multimode,14,16,16,polygon,True,1,1,False,1.54,0.34502698381785146
multimode,14,16,16,bounded_tube,True,1,1,False,1.54,0.34502698381785146
multimode,14,32,32,polygon,True,1,1,False,1.54,0.5114250977603254
multimode,14,32,32,bounded_tube,True,1,1,False,1.54,0.5114250977603254
multimode,15,8,8,polygon,True,-1,-1,False,1.54,0.14907447443123234
multimode,15,8,8,bounded_tube,True,-1,-1,False,1.54,0.14907447443123234
multimode,15,16,16,polygon,True,-1,-1,False,1.54,0.4609907210783404
multimode,15,16,16,bounded_tube,True,-1,-1,False,1.54,0.4609907210783404
multimode,15,32,32,polygon,True,-1,-1,False,1.54,0.6175933753545094
multimode,15,32,32,bounded_tube,True,-1,-1,False,1.54,0.6175933753545094
multimode,16,8,8,polygon,True,1,1,False,1.54,0.07746888936434226
multimode,16,8,8,bounded_tube,True,1,1,False,1.54,0.07746888936434226
multimode,16,16,16,polygon,True,1,1,False,1.54,0.34187454283367436
multimode,16,16,16,bounded_tube,True,1,1,False,1.54,0.34187454283367436
multimode,16,32,32,polygon,True,1,1,False,1.54,0.5041144476869696
multimode,16,32,32,bounded_tube,True,1,1,False,1.54,0.5041144476869696
multimode,17,8,8,polygon,True,-1,-1,False,1.54,0.11353352432734964
multimode,17,8,8,bounded_tube,True,-1,-1,False,1.54,0.11353352432734964
multimode,17,16,16,polygon,True,-1,-1,False,1.54,0.38520267807495745
multimode,17,16,16,bounded_tube,True,-1,-1,False,1.54,0.38520267807495745
multimode,17,32,32,polygon,True,-1,-1,False,1.54,0.5615966801229768
multimode,17,32,32,bounded_tube,True,-1,-1,False,1.54,0.5615966801229768
multimode,18,8,8,polygon,True,1,1,False,1.54,0.06503872805348354
multimode,18,8,8,bounded_tube,True,1,1,False,1.54,0.06503872805348354
multimode,18,16,16,polygon,True,1,1,False,1.54,0.3642302512261332
multimode,18,16,16,bounded_tube,True,1,1,False,1.54,0.3642302512261332
multimode,18,32,32,polygon,True,1,1,False,1.54,0.5148190334639747
multimode,18,32,32,bounded_tube,True,1,1,False,1.54,0.5148190334639747
multimode,19,8,8,polygon,True,-1,-1,False,1.54,0.15609276383039317
multimode,19,8,8,bounded_tube,True,-1,-1,False,1.54,0.15609276383039317
multimode,19,16,16,polygon,True,-1,-1,False,1.54,0.450226474543742
multimode,19,16,16,bounded_tube,True,-1,-1,False,1.54,0.450226474543742
multimode,19,32,32,polygon,True,-1,-1,False,1.54,0.5688409493685751
multimode,19,32,32,bounded_tube,True,-1,-1,False,1.54,0.5688409493685751
multimode,20,8,8,polygon,True,1,1,False,1.54,0.10986269143333849
multimode,20,8,8,bounded_tube,True,1,1,False,1.54,0.10986269143333849
multimode,20,16,16,polygon,True,1,1,False,1.54,0.38081779797110904
multimode,20,16,16,bounded_tube,True,1,1,False,1.54,0.38081779797110904
multimode,20,32,32,polygon,True,1,1,False,1.54,0.5040790554337145
multimode,20,32,32,bounded_tube,True,1,1,False,1.54,0.5040790554337145
multimode,21,8,8,polygon,True,-1,-1,False,1.54,0.10125853279703212
multimode,21,8,8,bounded_tube,True,-1,-1,False,1.54,0.10125853279703212
multimode,21,16,16,polygon,True,-1,-1,False,1.54,0.3835111369886375
multimode,21,16,16,bounded_tube,True,-1,-1,False,1.54,0.3835111369886375
multimode,21,32,32,polygon,True,-1,-1,False,1.54,0.5404473362298572
multimode,21,32,32,bounded_tube,True,-1,-1,False,1.54,0.5404473362298572
multimode,22,8,8,polygon,True,1,1,False,1.54,0.08641329154381305
multimode,22,8,8,bounded_tube,True,1,1,False,1.54,0.08641329154381305
multimode,22,16,16,polygon,True,1,1,False,1.54,0.341566865304855
multimode,22,16,16,bounded_tube,True,1,1,False,1.54,0.341566865304855
multimode,22,32,32,polygon,True,1,1,False,1.54,0.4989665276196675
multimode,22,32,32,bounded_tube,True,1,1,False,1.54,0.4989665276196675
multimode,23,8,8,polygon,True,-1,-1,False,1.54,0.10235182742106408
multimode,23,8,8,bounded_tube,True,-1,-1,False,1.54,0.10235182742106408
multimode,23,16,16,polygon,True,-1,-1,False,1.54,0.37092440374193825
multimode,23,16,16,bounded_tube,True,-1,-1,False,1.54,0.37092440374193825
multimode,23,32,32,polygon,True,-1,-1,False,1.54,0.5283275744782179
multimode,23,32,32,bounded_tube,True,-1,-1,False,1.54,0.5283275744782179
multimode,24,8,8,polygon,True,1,1,False,1.54,0.057293207873402974
multimode,24,8,8,bounded_tube,True,1,1,False,1.54,0.057293207873402974
multimode,24,16,16,polygon,True,1,1,False,1.54,0.34714725040681427
multimode,24,16,16,bounded_tube,True,1,1,False,1.54,0.34714725040681427
multimode,24,32,32,polygon,True,1,1,False,1.54,0.48137460331572246
multimode,24,32,32,bounded_tube,True,1,1,False,1.54,0.48137460331572246
multimode,25,8,8,polygon,True,-1,-1,False,1.54,0.09118239691636387
multimode,25,8,8,bounded_tube,True,-1,-1,False,1.54,0.09118239691636387
multimode,25,16,16,polygon,True,-1,-1,False,1.54,0.3475906937853015
multimode,25,16,16,bounded_tube,True,-1,-1,False,1.54,0.3475906937853015
multimode,25,32,32,polygon,True,-1,-1,False,1.54,0.48358767401733826
multimode,25,32,32,bounded_tube,True,-1,-1,False,1.54,0.48358767401733826
multimode,26,8,8,polygon,True,1,1,False,1.54,0.04993962064150259
multimode,26,8,8,bounded_tube,True,1,1,False,1.54,0.04993962064150259
multimode,26,16,16,polygon,True,1,1,False,1.54,0.32914933619289155
multimode,26,16,16,bounded_tube,True,1,1,False,1.54,0.32914933619289155
multimode,26,32,32,polygon,True,1,1,False,1.54,0.4711877588308345
multimode,26,32,32,bounded_tube,True,1,1,False,1.54,0.4711877588308345
multimode,27,8,8,polygon,True,-1,-1,False,1.54,0.18109179700102818
multimode,27,8,8,bounded_tube,True,-1,-1,False,1.54,0.18109179700102818
multimode,27,16,16,polygon,True,-1,-1,False,1.54,0.48256783757978117
multimode,27,16,16,bounded_tube,True,-1,-1,False,1.54,0.48256783757978117
multimode,27,32,32,polygon,True,-1,-1,False,1.54,0.6167317452375709
multimode,27,32,32,bounded_tube,True,-1,-1,False,1.54,0.6167317452375709
multimode,28,8,8,polygon,True,1,1,False,1.54,0.0674501557941235
multimode,28,8,8,bounded_tube,True,1,1,False,1.54,0.0674501557941235
multimode,28,16,16,polygon,True,1,1,False,1.54,0.3450171920267373
multimode,28,16,16,bounded_tube,True,1,1,False,1.54,0.3450171920267373
multimode,28,32,32,polygon,True,1,1,False,1.54,0.4805273697472032
multimode,28,32,32,bounded_tube,True,1,1,False,1.54,0.4805273697472032
multimode,29,8,8,polygon,True,-1,-1,False,1.54,0.12104491142442608
multimode,29,8,8,bounded_tube,True,-1,-1,False,1.54,0.12104491142442608
multimode,29,16,16,polygon,True,-1,-1,False,1.54,0.4688107472031178
multimode,29,16,16,bounded_tube,True,-1,-1,False,1.54,0.4688107472031178
multimode,29,32,32,polygon,True,-1,-1,False,1.54,0.5987985541110876
multimode,29,32,32,bounded_tube,True,-1,-1,False,1.54,0.5987985541110876
multimode,30,8,8,polygon,True,1,1,False,1.54,0.06778572827158191
multimode,30,8,8,bounded_tube,True,1,1,False,1.54,0.06778572827158191
multimode,30,16,16,polygon,True,1,1,False,1.54,0.37385637844027997
multimode,30,16,16,bounded_tube,True,1,1,False,1.54,0.37385637844027997
multimode,30,32,32,polygon,True,1,1,False,1.54,0.5300215848390266
multimode,30,32,32,bounded_tube,True,1,1,False,1.54,0.5300215848390266
multimode,31,8,8,polygon,True,-1,-1,False,1.54,0.0430046037608226
multimode,31,8,8,bounded_tube,True,-1,-1,False,1.54,0.0430046037608226
multimode,31,16,16,polygon,True,-1,-1,False,1.54,0.3461707460971315
multimode,31,16,16,bounded_tube,True,-1,-1,False,1.54,0.3461707460971315
multimode,31,32,32,polygon,True,-1,-1,False,1.54,0.4778520386670171
multimode,31,32,32,bounded_tube,True,-1,-1,False,1.54,0.4778520386670171
multimode,32,8,8,polygon,True,1,1,False,1.54,0.055986506721861784
multimode,32,8,8,bounded_tube,True,1,1,False,1.54,0.055986506721861784
multimode,32,16,16,polygon,True,1,1,False,1.54,0.3316774646414429
multimode,32,16,16,bounded_tube,True,1,1,False,1.54,0.3316774646414429
multimode,32,32,32,polygon,True,1,1,False,1.54,0.5073378728143275
multimode,32,32,32,bounded_tube,True,1,1,False,1.54,0.5073378728143275
multimode,33,8,8,polygon,True,-1,-1,False,1.54,0.06140819332247327
multimode,33,8,8,bounded_tube,True,-1,-1,False,1.54,0.06140819332247327
multimode,33,16,16,polygon,True,-1,-1,False,1.54,0.39540970856725066
multimode,33,16,16,bounded_tube,True,-1,-1,False,1.54,0.39540970856725066
multimode,33,32,32,polygon,True,-1,-1,False,1.54,0.5240419205410939
multimode,33,32,32,bounded_tube,True,-1,-1,False,1.54,0.5240419205410939
multimode,34,8,8,polygon,True,1,1,False,1.54,0.063055689032534
multimode,34,8,8,bounded_tube,True,1,1,False,1.54,0.063055689032534
multimode,34,16,16,polygon,True,1,1,False,1.54,0.351461283641366
multimode,34,16,16,bounded_tube,True,1,1,False,1.54,0.351461283641366
multimode,34,32,32,polygon,True,1,1,False,1.54,0.4651086085364321
multimode,34,32,32,bounded_tube,True,1,1,False,1.54,0.4651086085364321
multimode,35,8,8,polygon,True,-1,-1,False,1.54,0.06030487003908214
multimode,35,8,8,bounded_tube,True,-1,-1,False,1.54,0.06030487003908214
multimode,35,16,16,polygon,True,-1,-1,False,1.54,0.3421960535541463
multimode,35,16,16,bounded_tube,True,-1,-1,False,1.54,0.3421960535541463
multimode,35,32,32,polygon,True,-1,-1,False,1.54,0.4868317412422368
multimode,35,32,32,bounded_tube,True,-1,-1,False,1.54,0.4868317412422368
multimode,36,8,8,polygon,True,1,1,False,1.54,0.09264037888357579
multimode,36,8,8,bounded_tube,True,1,1,False,1.54,0.09264037888357579
multimode,36,16,16,polygon,True,1,1,False,1.54,0.3636460681538969
multimode,36,16,16,bounded_tube,True,1,1,False,1.54,0.3636460681538969
multimode,36,32,32,polygon,True,1,1,False,1.54,0.5125483745169357
multimode,36,32,32,bounded_tube,True,1,1,False,1.54,0.5125483745169357
multimode,37,8,8,polygon,True,-1,-1,False,1.54,0.1716893048348601
multimode,37,8,8,bounded_tube,True,-1,-1,False,1.54,0.1716893048348601
multimode,37,16,16,polygon,True,-1,-1,False,1.54,0.4747941034150456
multimode,37,16,16,bounded_tube,True,-1,-1,False,1.54,0.4747941034150456
multimode,37,32,32,polygon,True,-1,-1,False,1.54,0.6216506761860324
multimode,37,32,32,bounded_tube,True,-1,-1,False,1.54,0.6216506761860324
multimode,38,8,8,polygon,True,1,1,False,1.54,0.045523731924416166
multimode,38,8,8,bounded_tube,True,1,1,False,1.54,0.045523731924416166
multimode,38,16,16,polygon,True,1,1,False,1.54,0.3150558148784849
multimode,38,16,16,bounded_tube,True,1,1,False,1.54,0.3150558148784849
multimode,38,32,32,polygon,True,1,1,False,1.54,0.4660555645203257
multimode,38,32,32,bounded_tube,True,1,1,False,1.54,0.4660555645203257
multimode,39,8,8,polygon,True,-1,-1,False,1.54,0.04624872125078383
multimode,39,8,8,bounded_tube,True,-1,-1,False,1.54,0.04624872125078383
multimode,39,16,16,polygon,True,-1,-1,False,1.54,0.36027488152543374
multimode,39,16,16,bounded_tube,True,-1,-1,False,1.54,0.36027488152543374
multimode,39,32,32,polygon,True,-1,-1,False,1.54,0.5052370132271475
multimode,39,32,32,bounded_tube,True,-1,-1,False,1.54,0.5052370132271475
